video,label,garment,seed_frame,num_points,visible_frac,seed_visible_frac,pose_dist_mean_px,pose_dist_norm,body_scale_px,residual_mean_px,residual_median_px,residual_mean_norm,residual_median_norm,stretch_mean_abs,stretch_std,stretch_max_abs,strain_rate_mean,drape_mean_angle_deg,drape_angle_std_deg,gravity_p95_angle_deg,gravity_inversion_rate,drape_edge_count,drape_edge_source,accel_mean_magnitude,accel_std_magnitude,accel_mean_norm,accel_std_norm,fitted_stiffness,fitted_damping,fit_skill_eval,fit_rigid_error,fit_physics_error,fit_contrast,fit_at_boundary,in_fit_set
Man boxing,real,upper,0,43,0.8263565891472868,1.0,13.699800986748848,0.06507583886251701,63.03853650719063,6.868398636017093,4.200220045058119,0.10895555348486928,0.06662940286659433,0.11711693659884448,0.17353515698214414,1.4153434058047445,1.3819253177420037,16.775394966215448,15.96909828152416,45.20897691081639,0.0,53,free,853.5686926328437,448.60791244229887,13.540426855174209,7.116407475467446,,,,,,,,0
Man boxing,real,upper,15,39,0.8957264957264958,1.0,12.128635361885411,0.05813538537610794,63.03853650719063,7.185487021607993,5.871840399142936,0.11398562561471212,0.09314683881459006,0.18530349056431888,0.28495319448609496,1.6674906978925155,2.0534121956232454,17.64104157347834,14.74600194662042,45.86087666535393,0.0,42,free,947.0589222346113,523.9659363420633,15.023491576879849,8.311835353003412,,,,,,,,0
Man boxing,real,upper,30,43,0.724031007751938,1.0,11.424756572046535,0.05089864180640682,63.03853650719063,7.524803225655263,6.818295177599507,0.11936830457345611,0.10816074666996374,0.15729521987770037,0.36352499171175445,1.849128819303657,1.3763927066639663,24.91772165554219,19.69135803120982,60.654515708686354,0.0,63,free,678.0015900885978,486.90096657736433,10.755351054370689,7.723862157266689,,,,,,,,0
Man boxing,real,upper,45,50,0.824,1.0,16.158884823345403,0.07616946096151936,63.03853650719063,7.897071801546042,6.379161165920495,0.1252737173021973,0.10119462664227369,0.1546381444158314,0.24851717252123862,1.5092208380942562,1.8302906893727395,15.390141012344843,15.164094258402468,43.95405365726432,0.0,43,free,867.8474497825911,549.8157892559045,13.76693524101084,8.721899646150392,,,,,,,,0
Man boxing,real,upper,60,48,0.6083333333333333,1.0,11.629780138273874,0.05315675358598546,63.03853650719063,9.659328439633251,6.381195613194464,0.1532289449411859,0.1012268997150113,0.170304570906152,0.32080876450398305,1.6404150452141808,1.8283618846452943,24.304714643674572,18.79796971155627,60.68737388168746,0.0,62,free,856.2997602020137,525.8207280404105,13.583750633302504,8.34125849321441,,,,,,,,0
Man boxing,real,upper,75,42,0.9317460317460318,1.0,11.667718640297613,0.05598940388995085,63.03853650719063,7.264254076829608,5.944324524569734,0.11523513202120413,0.09429667714274556,0.1679139153379703,0.2512588347221767,1.2601267923463138,1.878813998086444,18.93608649930201,15.286404394751802,44.85733482514037,0.0,52,free,892.6779986382267,432.4806680068413,14.16082999541719,6.860575958287189,,,,,,,,0
Man boxing,real,upper,90,39,0.6717948717948717,1.0,10.08458587077388,0.04874268834270206,63.03853650719063,6.678406698959543,4.98328498855032,0.10594165202737149,0.07905140672137734,0.14007338064694894,0.2610206154045309,1.3542485905556074,1.409084978097772,15.609075678268509,13.130083329795609,39.40282571946621,0.0,36,free,732.4805072086181,512.6891255016822,11.619567137715293,8.132947779382555,,,,,,,,0
Man boxing,real,upper,105,41,0.8634146341463415,1.0,12.290433290446236,0.057379824301283834,63.03853650719063,6.7056190089315155,5.055889508870343,0.1063733294025096,0.08020315491133954,0.2460750968444676,0.4356799707544738,2.861354281782365,2.1136411168709137,20.02151788317314,19.409937431752194,58.6050897069034,0.0,46,free,734.6169821747777,458.7219718670394,11.653458707611051,7.27684996009884,,,,,,,,0
Man boxing,real,upper,120,50,0.7653333333333333,1.0,10.649236309307195,0.04784385981054408,63.03853650719063,15.093881824811259,9.405168667225661,0.23943896322988942,0.14919712906331256,0.10491997616330086,0.15469350281977404,0.9593884781041163,1.406700939883081,16.585066541321666,14.572159812929748,40.20381550794775,0.0,63,free,767.3355816516765,417.0809851571751,12.172484073518248,6.616285977857368,,,,,,,,0
Man boxing,real,upper,135,48,0.7694444444444445,1.0,10.139606012182275,0.04464637404100142,63.03853650719063,13.841524544623164,9.252370174739813,0.21957242841518537,0.1467732388375549,0.14625478234749054,0.303875203606943,1.7184726063870766,1.599173588613121,22.080359864134994,19.42191878624558,55.29923681453017,0.0,61,free,771.2822570248111,549.7981754141772,12.235091418038126,8.721620232275907,,,,,,,,0
Man boxing,real,lower,0,49,1.0,1.0,14.471431826031624,0.06874118584143186,63.03853650719063,4.033924696954473,3.0485205669716535,0.06399140780329401,0.04835963421555507,0.06558794464568045,0.10878343326523993,0.7508957871385716,0.7999167835574394,3.0198911728378777,5.557888380910628,7.053086397666273,0.0,39,free,580.4336045598866,287.02687119684333,9.207599616366064,4.553196934768671,,,,,,,,0
Man boxing,real,lower,15,50,0.992,1.0,15.628309247475395,0.07491014065227344,63.03853650719063,4.355691621620754,4.209248278706762,0.06909569706022463,0.06677262055769054,0.0716336568493571,0.10932382957466652,0.6260181283765641,0.9371001785021011,2.944620965052123,3.1088244103220957,8.788463416665843,0.0,41,free,487.0334542925036,212.1504733809641,7.725963851285619,3.365409242277772,,,,,,,,0
Man boxing,real,lower,30,45,1.0,1.0,13.78716110488218,0.061423433416657645,63.03853650719063,5.3795805894435125,4.815017002083994,0.08533796765459298,0.07638211907941041,0.09686911098474817,0.14456406662357765,0.708986303278874,0.7863662328843819,5.5328377240548665,4.491950705581325,13.713621689399334,0.0,36,free,437.6036541969499,208.41966065485713,6.9418434888163,3.3062261943705384,,,,,,,,0
Man boxing,real,lower,45,50,0.9866666666666667,1.0,16.09715650650998,0.07587848713066296,63.03853650719063,3.897957354620325,3.8396065694900727,0.06183451537101747,0.06090887863572308,0.08410749034474055,0.13589442584994682,0.6909398336726005,0.8235948877867486,4.492250982680781,3.3427080055616076,11.399399866738978,0.0,39,free,386.2954096594369,179.16312301160102,6.127924775274142,2.84212059699648,,,,,,,,0
Man boxing,real,lower,60,46,1.0,1.0,13.922175711781374,0.06363470804202115,63.03853650719063,5.795607425527843,4.986803251016234,0.09193753133635572,0.07910721801809918,0.09747191050511048,0.1447701057921025,0.8829508283856071,0.8163257463827681,15.916389452575121,16.137011092111614,52.90924109211289,0.0,37,free,417.4192488860345,278.0438762325641,6.621651961073377,4.410696879056646,,,,,,,,0
Man boxing,real,lower,75,47,1.0,1.0,14.430830592537903,0.06924863612347565,63.03853650719063,4.683589997426086,4.135449168489485,0.07429725144224822,0.0656019222149576,0.08319009855661033,0.12972305717001795,0.6837149687119299,0.7537754130693176,4.677113671050548,5.489985628533518,12.003154973614263,0.0,37,free,550.651791830418,230.0234213080812,8.735161416185585,3.6489333993634685,,,,,,,,0
Man boxing,real,lower,90,47,0.9659574468085106,1.0,14.04357093216246,0.0678779882423169,63.03853650719063,4.806005997302143,3.346018614804038,0.076239174695211,0.05307893869684565,0.08744471137674409,0.1169718520048548,0.6610227410273387,0.8577521673100341,7.680641005943278,10.013132312395388,29.08241334364536,0.0,41,free,521.7277907733844,245.90252261913585,8.276330950574533,3.9008285446329554,,,,,,,,0
Man boxing,real,lower,105,51,0.9973856209150327,1.0,15.777562499720451,0.07366003644804082,63.03853650719063,5.002342774437859,4.5748905491761915,0.07935372633321296,0.07257291813324929,0.08794280229955848,0.15797051155927755,0.8816386638070487,0.8254262053307815,4.341026170780522,3.289646487178971,10.274108512103483,0.0,42,free,400.6707897238342,169.2519189067757,6.355965920594157,2.6848960696838136,,,,,,,,0
Man boxing,real,lower,120,48,1.0,1.0,14.971551184644776,0.06726273839923172,63.03853650719063,4.675342189871046,4.081056414233767,0.07416641389410654,0.06473907296004963,0.0701554970426688,0.10213438179904602,0.5091181988885868,0.8234657545573139,6.059579693209586,4.73367231512755,13.8374403956464,0.0,35,free,457.6866073323463,162.4441967960101,7.260425649001849,2.576903046876422,,,,,,,,0
Man boxing,real,lower,135,50,1.0,1.0,12.956839783303419,0.057051123550528465,63.03853650719063,6.721438031052082,6.082048307733386,0.10662427149280958,0.09648143254467248,0.12661882560393523,0.21848262177194072,1.3455963375378843,0.7629708578648408,9.779549089569333,13.367386347278444,45.06213934104727,0.0,32,free,451.6192734741088,348.2687449635784,7.1641776363668255,5.524695912378174,,,,,,,,0
man doing ghost rope,real,upper,0,46,1.0,1.0,12.895376878129834,0.06229385891066771,60.30921338960754,5.134930761302754,4.107144906394145,0.08514338809445661,0.06810145043446855,0.05073526229261173,0.07353365164055839,0.38495252989877426,0.5865707273446084,17.818327663485952,20.27537819694792,47.73185698673821,0.0,59,free,1081.4810333611515,766.4816073416912,17.93226892837425,12.709195896655004,,,,,,,,0
man doing ghost rope,real,upper,15,51,1.0,1.0,12.313252245654079,0.061806856539033686,60.30921338960754,4.10395430023767,3.2194049875175135,0.06804854630959027,0.05338164447146114,0.035027692711593145,0.04722083122593467,0.17788894124787916,0.3871474319484698,16.329430494053362,18.205405613313683,41.640142649782945,0.0,70,free,1162.8145042777705,700.4944898436548,19.280876650899017,11.615049351055932,,,,,,,,0
man doing ghost rope,real,upper,30,52,1.0,1.0,12.629880548958191,0.06147889426409238,60.30921338960754,4.244633642419506,3.84708417785681,0.07038118064977017,0.06378932772682686,0.052583014967115545,0.0729373940278801,0.30059421922819596,0.4691655962433264,17.202142547950757,16.549068969645344,43.17087245159471,0.0,67,free,1093.558482256855,641.6462697211592,18.13252769841791,10.63927439371523,,,,,,,,0
man doing ghost rope,real,upper,45,51,1.0,1.0,13.254036863664174,0.06469773417754993,60.30921338960754,5.391581391217839,4.317418816364191,0.08939896722557675,0.07158804722709528,0.040896762400814,0.0630863012782876,0.35068555966121806,0.5616603969004262,15.411553323438762,16.518235843323197,39.682565924618345,0.0,66,free,1139.4836870102372,754.4734153827324,18.894023366694956,12.510085490731054,,,,,,,,0
man doing ghost rope,real,upper,60,51,1.0,1.0,12.2623161283101,0.06100968605259983,60.30921338960754,5.138067806555473,4.015322665303256,0.08519540411450403,0.06657892616445857,0.034924520296342854,0.04651767085794575,0.1666739001873657,0.49349239938393596,15.809038981215895,16.416572722686748,43.209238493787346,0.0,66,free,938.4967099633568,732.9865049902567,15.561415200369337,12.153806421832133,,,,,,,,0
man doing ghost rope,real,upper,75,51,1.0,1.0,13.02582669198964,0.06237963391401834,60.30921338960754,5.662476672554971,5.087276243063446,0.09389073997656759,0.08435321830843318,0.04584038979363367,0.06050525516260998,0.2198910079555446,0.4463426389771792,15.682771896665416,17.89595809022739,41.93590356122132,0.0,66,free,1257.855424297958,648.5224452181866,20.856770526453445,10.753289734167545,,,,,,,,0
man doing ghost rope,real,upper,90,50,1.0,1.0,12.767025772198613,0.06549426306571571,60.30921338960754,5.097684080108478,4.608754600788085,0.0845257928863471,0.07641874834305605,0.041621362823555164,0.05445435277431629,0.279695563111183,0.44825497219263616,16.626560552888918,17.85198818136996,42.600854618386016,0.0,70,free,1087.5333737485264,509.05486771529723,18.032624082209132,8.440747923981668,,,,,,,,0
man doing ghost rope,real,upper,105,52,1.0,1.0,11.887861104556414,0.06101157939994304,60.30921338960754,4.131802207279071,3.6175832163792068,0.06851029842798549,0.05998392307007916,0.037644211443759464,0.051740835634592676,0.259323912670811,0.5195649277214004,15.1251932394425,16.895344436789465,40.64496393133738,0.0,66,free,1317.471962774434,488.96380328245755,21.845285135180692,8.107613676266512,,,,,,,,0
man doing ghost rope,real,upper,120,52,1.0,1.0,12.240095720029075,0.06324730965091371,60.30921338960754,7.430944404173977,6.531399828970512,0.12321408266708507,0.10829854116611642,0.04350282512246231,0.053919505459462315,0.25193992394602777,0.49451978883532444,16.327309427112482,18.074943459556582,43.195547019053414,0.0,70,free,1284.843114088468,533.3327410919138,21.304259198145527,8.843304548618395,,,,,,,,0
man doing ghost rope,real,upper,135,52,1.0,1.0,12.778346764349338,0.06288670591323903,60.30921338960754,3.829258383432997,2.221477426341284,0.06349375440689885,0.036834793582701385,0.03572478964156316,0.04667975918213283,0.20718144105318873,0.3748486358476199,15.39267138804042,17.645110366023317,41.61186365182218,0.0,65,free,1079.5728370655543,517.4578588139357,17.90062871640083,8.580079721336638,,,,,,,,0
man doing ghost rope,real,lower,0,51,1.0,1.0,15.450827373815944,0.07463850568880459,60.30921338960754,5.406954411829818,4.475487711394507,0.0896538705769547,0.07420902147209436,0.07646046794767054,0.10235617211211467,0.380311269633325,0.8272824978977995,5.8179251609716225,7.805376037291257,13.95062558677253,0.0,43,free,967.0565478738904,748.5203914511161,16.03497199717304,12.411377124346656,,,,,,,,0
man doing ghost rope,real,lower,15,54,1.0,1.0,15.375276725139285,0.07717680949271805,60.30921338960754,4.758571851585245,3.8225805187645663,0.07890290030553175,0.06338302730082153,0.06672812118982104,0.09367194298613452,0.471541379520767,0.8052399600075392,3.9397605261913844,4.511333446986339,13.094039105205834,0.0,59,free,1236.6993185548208,733.53763839296,20.505976600383388,12.16294488296813,,,,,,,,0
man doing ghost rope,real,lower,30,48,1.0,1.0,15.411634021616402,0.07501972918738332,60.30921338960754,4.665617067591207,4.020640379708853,0.07736159709878067,0.06666710032735543,0.08969399939970334,0.11873540695724563,0.6207832768423043,0.8489124994959582,4.8534045707569256,3.8265767209773953,12.355695244426482,0.0,51,free,1007.2977839370518,681.1894582729566,16.702220561719827,11.294948482785863,,,,,,,,0
man doing ghost rope,real,lower,45,55,1.0,1.0,15.34509695397658,0.07490495264720752,60.30921338960754,6.140142970429082,5.600289689696987,0.10181102729300642,0.0928596042783411,0.05082867581963747,0.06983585473935576,0.42427743025584497,0.8488037574185507,2.644867223275398,2.5912530756876397,7.580137383883229,0.0,53,free,1150.7395196235623,792.704204763917,19.080658740972027,13.143998407721156,,,,,,,,0
man doing ghost rope,real,lower,60,60,1.0,1.0,15.789490416226691,0.07855871950654729,60.30921338960754,6.355694089137404,4.025711803873813,0.10538512661537407,0.06675119069895748,0.04523670428975887,0.06070622553056786,0.2906859328522701,0.7690259063015789,3.131784333825544,2.4762456604985634,7.6315633429301855,0.0,52,free,953.3088146653142,695.9273575891428,15.807017884759677,11.53932075176203,,,,,,,,0
man doing ghost rope,real,lower,75,47,1.0,1.0,15.618783462867082,0.07479709485119465,60.30921338960754,5.9413583651591715,5.483467838430341,0.09851493712539423,0.09092255611105765,0.09533545516289463,0.1351557018736056,0.5312036128236259,0.8326320430552926,5.5589000486966205,4.860365826238302,14.913274509371789,0.0,47,free,1169.488175430818,606.420695794867,19.391534223398505,10.055191598625049,,,,,,,,0
man doing ghost rope,real,lower,90,51,1.0,1.0,15.268762206753895,0.07832805748967987,60.30921338960754,4.737798607380388,4.042785220151238,0.07855845468872927,0.06703428867549928,0.04662194056450252,0.068176370813989,0.4705502704933848,0.6936865304886826,2.7518679059259674,2.7720728114271327,8.342437277406919,0.0,43,free,1022.4793892342816,531.1504749065655,16.953950014716572,8.807119925031108,,,,,,,,0
man doing ghost rope,real,lower,105,56,1.0,1.0,15.098536784836417,0.07748959781486117,60.30921338960754,4.0547164520014665,3.4631065266573646,0.06723212298935693,0.05742251195161709,0.05333525010746057,0.06653112407351199,0.28830165770745325,0.6588091439070731,2.5110980551322375,2.1567129696156133,6.512659001426706,0.0,59,free,1272.942225278638,462.00227854400424,21.106928008747513,7.6605588529134465,,,,,,,,0
man doing ghost rope,real,lower,120,52,1.0,1.0,16.348791185936495,0.08447785721667528,60.30921338960754,7.085512645200376,6.902603202566398,0.11748640459670377,0.11445354390504871,0.06277375504143941,0.08461624398840037,0.34444645965954496,0.7471787215924621,6.389885281769217,7.327249240296122,16.413051484671588,0.0,55,free,1234.0773990574319,504.6544344607204,20.462501990949324,8.367783396552843,,,,,,,,0
man doing ghost rope,real,lower,135,52,1.0,1.0,16.089920006269377,0.07918411405337422,60.30921338960754,3.5287592969914465,1.741842676650809,0.05851111461519279,0.028881866944578033,0.03784065566045096,0.052437930302965,0.23411427617840652,0.6094191179268249,3.507491153930905,6.828400012502091,9.762988743342156,0.0,49,free,1066.5178375218534,602.3202020220762,17.68416096943548,9.987200432063133,,,,,,,,0
Man doing Knee thrust,real,upper,0,27,0.782716049382716,1.0,9.587643354327353,0.052970195312684244,56.195114219874235,5.946630003377808,4.947214656531321,0.1058211213898502,0.08803638403819927,0.13495697906471368,0.26450031359101944,1.1597317987632687,1.1172415843121843,28.743571266574058,19.48431539894945,59.06274505109592,0.0,45,free,377.70653404360337,282.7436695027107,6.7213411572713175,5.031463560985418,,,,,,,,0
Man doing Knee thrust,real,upper,15,43,0.7705426356589147,1.0,9.434563051199046,0.0529214930913748,56.195114219874235,10.82970808081352,7.980608042280357,0.19271618593816173,0.14201604806878204,0.31270646727376333,0.559296257957579,2.719984609849979,1.9172743241524652,29.94251820970256,19.730778063619688,61.22995074204433,0.0,47,free,819.4546542516756,406.29589251313644,14.582311391794686,7.2300928319751305,,,,,,,,0
Man doing Knee thrust,real,upper,30,34,0.6725490196078432,1.0,9.899373738427641,0.05016327900484637,56.195114219874235,12.588516299455756,7.8944531645145,0.22401442677384292,0.14048290984205367,0.127160057099882,0.1844987727332517,0.7670401138447099,1.0813765647879838,30.885504243709967,21.967804067191196,71.89390742642516,0.0,45,free,405.3350468587418,280.188121481083,7.212994447751991,4.985987222746676,,,,,,,,0
Man doing Knee thrust,real,upper,45,33,0.806060606060606,1.0,9.509942130300816,0.05650234945315937,56.195114219874235,9.90614276523732,6.71547990989075,0.17628121061339289,0.11950291414330323,0.35025097507475955,0.7194000559326577,4.202390690818752,2.11602396373619,30.42151590076599,22.928462502753828,68.6677196785536,0.0,38,free,650.6238626980964,447.4020375705569,11.577943594035684,7.961582493097354,,,,,,,,0
Man doing Knee thrust,real,upper,60,37,0.6666666666666666,1.0,11.693209945040252,0.05362160063691318,56.195114219874235,13.984841566215373,12.48599788997046,0.24886223224846524,0.22219009718739216,0.14835145175676615,0.20049515595697995,0.7725897953487233,1.2180438820659691,27.530997774366025,24.863034102897682,73.88144052779546,0.038461538461538464,52,free,822.7286937374159,511.31379325457266,14.640573387186848,9.098901218599872,,,,,,,,0
Man doing Knee thrust,real,upper,75,42,0.834920634920635,1.0,14.19879508384546,0.06552820606427749,56.195114219874235,3.691141725390811,2.4656519115872255,0.0656843886987845,0.043876624254910956,0.12820426402153728,0.21679809628997307,1.327683010061626,1.0734155494883164,15.748206403087899,16.580267537418667,41.7191602989295,0.0036496350364963502,49,free,364.4480654091263,289.4215032749407,6.485404834006616,5.150296556788249,,,,,,,,0
Man doing Knee thrust,real,upper,90,39,0.9914529914529915,1.0,9.921723853675413,0.049838164635585686,56.195114219874235,6.950729878446805,6.171082516749968,0.12368922058331855,0.10981528558878653,0.1298309886795574,0.17809575745850748,0.8558024024365154,1.221128728790147,20.568109809153185,13.575506528655643,45.235172421566396,0.0,46,free,831.8844293220913,454.5021520839807,14.803500995961727,8.087930034373688,,,,,,,,0
Man doing Knee thrust,real,upper,105,29,0.7931034482758621,1.0,10.386066827132211,0.06405380178252976,56.195114219874235,4.556446987942108,4.010993543044637,0.08108261814566528,0.07137619700087894,0.15802689398939548,0.23457570103008799,1.9158445474511407,1.7345030953608664,29.633925602214187,19.699453828159463,61.01429895498748,0.0,46,free,443.08258103721846,424.708807206073,7.884717153586917,7.557753251364839,,,,,,,,0
Man doing Knee thrust,real,upper,120,35,0.9847619047619047,1.0,10.477256747095094,0.05507514840964084,56.195114219874235,11.538596328155709,9.943250958776167,0.20533095249186117,0.17694155616218302,0.11581484454554851,0.18357678741585062,0.9512018367997157,1.2394661304827648,23.7547236013206,19.57285327207403,54.58988258379878,0.0015552099533437014,44,free,961.3457702994218,527.8212874830829,17.10728385635041,9.392654411518414,,,,,,,,0
Man doing Knee thrust,real,upper,135,39,0.7401709401709402,1.0,12.239911739548807,0.07069179897996117,56.195114219874235,9.030718914678792,8.656265839787725,0.16070291946279103,0.15403947407097374,0.14845625363888132,0.29172860625227426,1.6478861763045287,1.0890826274117815,29.467768909201233,22.08482694394889,70.90731938412361,0.006342494714587738,52,free,425.79379594522663,378.496425958576,7.5770607793272955,6.735397395539329,,,,,,,,0
Man doing Knee thrust,real,lower,0,31,0.9354838709677419,1.0,10.108687666250622,0.05584888175826231,56.195114219874235,17.345893094787055,15.799189487366506,0.3086726192408454,0.28114880994011554,0.1386236910444872,0.16560230370166584,0.4975577632484744,1.1016754437584086,9.208331383216485,11.58979444395378,41.23127598193531,0.0,26,free,588.3598010074281,429.32373857533094,10.469945816025158,7.639876607342035,,,,,,,,0
Man doing Knee thrust,real,lower,15,33,0.907070707070707,1.0,10.375668428852448,0.058200455293594695,56.195114219874235,15.382412792165539,10.059481722306042,0.2737322097429837,0.17900989902692213,0.16365760545614502,0.17856293182276747,0.6612059179576093,1.0737484878653556,9.329070048801116,10.379353344489491,30.241968466000984,0.0,29,free,880.4462722323326,468.02668349289877,15.66766585414199,8.328600982314121,,,,,,,,0
Man doing Knee thrust,real,lower,30,41,0.8130081300813008,1.0,14.31890127779932,0.07255843236353923,56.195114219874235,18.472570754454217,17.626105502928446,0.3287220074360329,0.3136590386481448,0.15491706328822236,0.2152800353622183,0.7411303655710622,1.3014025017733837,30.28339965275203,17.08661300934507,54.05300528423829,0.0,33,free,802.8813463334315,678.8438216652581,14.287387034965409,12.080121752384924,,,,,,,,0
Man doing Knee thrust,real,lower,45,48,1.0,1.0,10.43976439540345,0.062026793433187614,56.195114219874235,10.548745938600089,8.900946374244143,0.18771642490708504,0.1583935987640753,0.1577993430201693,0.18211703500710064,1.0089507174255758,0.9097975670956342,30.99874308166653,24.16450943333341,73.26216106241408,0.030065359477124184,51,free,817.5156639363827,496.5624548834582,14.547806785082681,8.836399067373753,,,,,,,,0
Man doing Knee thrust,real,lower,60,42,0.8365079365079365,1.0,12.988216267870504,0.059560116424405285,56.195114219874235,23.93814248006763,19.381258878735775,0.42598262878165927,0.3448922410390138,0.35666216215066937,0.9850373695269972,8.851645164445914,2.6429810585793363,54.62919697921234,38.43723422696056,122.19387839295264,0.22535211267605634,35,free,1023.9659384447956,824.9295560415777,18.22161859905349,14.679738042953014,,,,,,,,0
Man doing Knee thrust,real,lower,75,37,0.9657657657657658,1.0,12.69878987097964,0.058605601004782445,56.195114219874235,8.748286116020589,5.141785364848056,0.1556769878924212,0.09149879729276514,0.1365329612779846,0.21757249975338172,0.8874857760917311,1.046838652535618,30.127091621170145,30.202213031442962,95.26659355016461,0.056375838926174496,52,free,582.3994895765961,397.1203571828886,10.363881231700066,7.066812883929349,,,,,,,,0
Man doing Knee thrust,real,lower,90,48,1.0,1.0,13.452032933691072,0.06757138597283813,56.195114219874235,10.062330805462048,7.650417551163784,0.17906059886436454,0.13614026161117937,0.12161850225341958,0.15458576197563345,0.8725919714047119,1.2407446396346693,26.783109842268203,19.284327613425372,59.868527326509124,0.0,53,free,1200.3330469957905,656.3251062015636,21.360096222943078,11.679398027977395,,,,,,,,0
Man doing Knee thrust,real,lower,105,30,0.9466666666666667,1.0,7.7853896298368,0.04801469241913449,56.195114219874235,9.790674834981864,9.335556994290712,0.17422644247458877,0.1661275561744308,0.19783869483969846,0.26794886738833507,1.7217215169697315,2.450486515811718,12.409889288863187,13.301130547704883,43.875562354526586,0.0,35,free,1083.716628145856,1154.9361510656488,19.284890567276108,20.552252043598276,,,,,,,,0
Man doing Knee thrust,real,lower,120,45,0.9955555555555555,1.0,13.409985354648459,0.07049144173957034,56.195114219874235,9.03236110994978,8.048063343141,0.16073214255974147,0.14321642468153722,0.13878657301440417,0.23007566500237864,1.4449905262755742,1.4619001086617391,25.487456707524164,18.94005205222589,60.533325322609834,0.004195804195804196,48,free,1184.887477547789,767.2590857365279,21.085240131583113,13.65348387289469,,,,,,,,0
Man doing Knee thrust,real,lower,135,44,0.9575757575757575,1.0,11.665563943669433,0.06737464442894435,56.195114219874235,8.881165395600673,7.857606785182567,0.1580415934533276,0.13982722331407962,0.25564200157162015,0.4255338076703764,2.2672288211746356,1.764447909838464,16.07214734101538,15.041186180039755,41.27749295642491,0.00411522633744856,34,free,750.2431802791085,497.1387728125952,13.350683430300315,8.84665472637788,,,,,,,,0
Man doing side lunges,real,upper,0,46,1.0,1.0,15.891605575052578,0.0697558620284467,55.191450086542076,15.62853454225451,12.336857931918502,0.28316948581253865,0.2235284253733846,0.08592911203220746,0.12506825420334344,0.5291919759976995,0.7615921754826466,23.633304904986975,20.084743950707374,57.395237866860214,0.0,63,free,1736.8818497343016,1091.000419124041,31.470125300400905,19.767562138942083,,,,,,,,0
Man doing side lunges,real,upper,15,43,0.7426356589147287,1.0,13.406527295642968,0.06451457779656325,55.191450086542076,13.667613970787631,10.019688593583906,0.24764005927288277,0.18154421704580498,0.14118044057569076,0.20738208475351047,0.7942738704697813,1.0008160766659688,20.0112695750038,17.691430869846975,48.99534200421058,0.0,50,free,1479.2556218017623,1243.3921882747422,26.802260485677383,22.528710268077045,,,,,,,,0
Man doing side lunges,real,upper,30,35,0.9066666666666666,1.0,10.220766304857031,0.050986308743077635,55.191450086542076,17.728030448462274,9.954673897938024,0.32120972398195946,0.18036623213067887,0.3258559379499201,0.5436544380214573,3.0803021045219996,1.9166077343792347,29.315268358122925,23.991440538648256,77.82816592504476,0.03358778625954199,50,free,1794.2942917979528,1225.031441467241,32.510366895315094,22.196036515553583,,,,,,,,0
Man doing side lunges,real,upper,45,48,1.0,1.0,16.213459390426994,0.06871744179463207,55.191450086542076,15.16378951533785,10.051670750520579,0.2747488875824156,0.18212369370181825,0.08258407261554938,0.1152665628554847,0.8319429848667532,0.7810687396431757,16.068341006780496,17.393314943068543,46.75977555578266,0.0,55,free,1681.489818399943,819.3933632879084,30.46649101923051,14.846382220490161,,,,,,,,0
Man doing side lunges,real,upper,60,41,0.8,1.0,14.574221237433882,0.06591807994726541,55.191450086542076,19.828245742121872,17.721547332174026,0.35926299655164895,0.3210922580288439,0.1715678183432523,0.23574790028227754,0.9271175568501542,1.4104070194655252,23.558873612274212,19.961665217033367,59.58986750829238,0.0016025641025641025,55,free,1767.5978425976657,1341.6416507749173,32.02666064808973,24.308867563203673,,,,,,,,0
Man doing side lunges,real,upper,75,36,0.8277777777777777,1.0,10.470787217110274,0.05548500786355803,55.191450086542076,14.26091575088156,7.06357215755605,0.25838994497372253,0.12798308699046915,0.42949983418945864,1.0480557413884661,7.463064398657312,2.6349469118975852,25.68668927637846,24.931839401685238,69.51619310360832,0.02158273381294964,37,free,1800.746141098504,1185.197008969627,32.627266329746234,21.474286453992377,,,,,,,,0
Man doing side lunges,real,upper,90,39,1.0,1.0,15.869603520869722,0.07137286014747403,55.191450086542076,17.249297897738987,16.21835593719287,0.31253568932672543,0.2938563112902802,0.0668662200141081,0.08951158931703874,0.32651329301870136,0.5869269515696017,24.811875214104447,19.255890797183373,59.11974956991361,0.0,53,free,1716.2286838256755,1007.7649944216353,31.09591578287163,18.259440417699217,,,,,,,,0
Man doing side lunges,real,upper,105,41,0.9333333333333333,1.0,14.683855444708243,0.06426221336407127,55.191450086542076,19.818427562761705,13.721550500772706,0.3590851034297112,0.24861732169125556,0.15435301683497302,0.19295734558478178,0.8265146298578493,0.9322661229725635,21.460298153809095,17.512773658700787,47.22855978530983,0.0,55,free,1498.65251269371,1202.0408366951763,27.153707872211577,21.77947553127043,,,,,,,,0
Man doing side lunges,real,upper,120,35,0.8876190476190476,1.0,10.331534613592632,0.05524741503866762,55.191450086542076,14.851151394377611,8.640113545319206,0.26908427611687136,0.15654804379611723,0.24893225389639514,0.5212918802910633,4.289674951151546,1.5903533778945564,26.23679519291171,22.565784503748187,61.52987095637995,0.0049833887043189366,48,free,1308.6406076446272,1166.00974319047,23.71092996456216,21.12663721214295,,,,,,,,0
Man doing side lunges,real,upper,135,42,1.0,1.0,14.982334056751613,0.06472660612559848,55.191450086542076,18.695899150042713,12.79114910127008,0.33874629350609387,0.23175961278808804,0.08811661751571115,0.1130079453686274,0.3715707398026129,0.6064996391624053,10.07138330812158,10.75899734475535,37.85340150505872,0.0,37,free,1692.6276694385883,975.5387094133827,30.66829494033026,17.675540466570542,,,,,,,,0
Man doing side lunges,real,lower,0,44,1.0,1.0,13.854840036015332,0.06081552335376833,55.191450086542076,22.024617559669363,15.387530290395953,0.39905850498825474,0.278802790400828,0.1262939149412789,0.17846555155050475,0.9877714157245975,1.2581331735376637,16.085190940021366,14.192113310894305,44.488438911616626,0.0,41,free,1697.06465159514,1125.2916125247543,30.748687503844977,20.38887564577953,,,,,,,,0
Man doing side lunges,real,lower,15,32,0.8291666666666667,1.0,12.535919728369743,0.06032506037788175,55.191450086542076,7.663200949818056,6.87981369254873,0.1388476102331411,0.12465361358980326,0.12866843410688428,0.18391484451379134,0.6868225705993559,0.7678847746049273,11.503990681074143,15.493294121750564,48.15551779082863,0.0,39,free,676.1542028320787,664.7439939892072,12.251067905841317,12.044329202201897,,,,,,,,0
Man doing side lunges,real,lower,30,22,0.9545454545454546,1.0,12.532347611411955,0.06251763571654811,55.191450086542076,12.468420086946974,7.2099044348729855,0.22591216696419583,0.13063444471141109,0.135983528175719,0.19608194862311973,0.7582335236928358,1.2099455003739024,13.806085201159856,12.657178886024308,39.89877556595635,0.0,25,free,1423.121369868399,953.5783844928762,25.78517809618874,17.27764686373764,,,,,,,,0
Man doing side lunges,real,lower,45,43,1.0,1.0,13.288465273626253,0.056320450620153124,55.191450086542076,19.561758829065393,12.057357842380608,0.3544345872121839,0.21846423356288444,0.09977893416492438,0.13443989579836513,0.5834120963745264,1.0780700470941742,13.739647783532192,12.346491197296729,38.94708022379829,0.0,43,free,1651.7287875565714,853.1648209613448,29.927258388148967,15.458278766431274,,,,,,,,0
Man doing side lunges,real,lower,60,35,0.8685714285714285,1.0,12.740331585736406,0.057623538324378554,55.191450086542076,11.67378184402935,8.72256958926539,0.2115143165422264,0.15804204411350134,0.14715826128719695,0.1944920514322317,0.7781378159009157,1.0372901460768669,18.824853312061503,17.07104640234057,51.323629763041744,0.0,43,free,1123.6300378587964,1058.3938082118536,20.358769992397484,19.17677115843588,,,,,,,,0
Man doing side lunges,real,lower,75,26,0.9435897435897436,1.0,12.411943669828444,0.06577125270935755,55.191450086542076,10.345962904760356,4.9713132612161175,0.18745589921151795,0.09007397438228075,0.09380800876665953,0.1356821457100437,0.6795502450252595,0.653202344226761,7.001121401041959,7.7060010428781665,23.71417134458539,0.0,30,free,1227.0287044422162,871.8308568373699,22.23222442096001,15.79648397478793,,,,,,,,0
Man doing side lunges,real,lower,90,38,1.0,1.0,12.724919456942574,0.057229778651613064,55.191450086542076,16.854870531592084,12.618226541504733,0.30538915910277903,0.22862647242859035,0.17054997691727147,0.2114947741784533,1.0731393216934915,1.409039704772733,13.044729326655887,12.764955614470074,35.219805047262085,0.0014184397163120568,47,free,1710.1936007959002,1132.5271007283457,30.98656763165777,20.519973636360426,,,,,,,,0
Man doing side lunges,real,lower,105,34,0.8862745098039215,1.0,14.542144543285625,0.06364203181723392,55.191450086542076,10.13345423821644,7.272576867738259,0.18360550814169294,0.13176999075644164,0.14051518149592088,0.20281559698250526,0.9438911719332843,1.0291365135289825,16.246849360642912,20.316054180728674,62.55341598769766,0.01761252446183953,40,free,1185.5498160548923,1020.7229790920088,21.480678876817148,18.494222882194258,,,,,,,,0
Man doing side lunges,real,lower,120,26,0.9230769230769231,1.0,10.843266906665402,0.05798388037914905,55.191450086542076,8.772349369882743,5.73515955637483,0.15894399143576407,0.10391391324891636,0.0761292742642439,0.12188405491413315,0.5326757446666033,0.5265246776812195,6.189571109086117,9.466608199875656,26.619296351094714,0.0,33,free,833.621945945883,768.3760586453311,15.104186330287307,13.922012511729466,,,,,,,,0
Man doing side lunges,real,lower,135,34,1.0,1.0,13.409185377993298,0.057930296917614366,55.191450086542076,15.637341654838808,9.341322553341442,0.28332905966991123,0.16925307341434098,0.21086237021681742,0.27984396757691704,1.6336482455275965,1.136972148130686,12.254196674584927,9.692210720943743,30.1979347885428,0.0,46,free,1700.0508162842864,1029.8343589201072,30.80279307063954,18.659309681214967,,,,,,,,0
Man Excersing,real,upper,0,50,0.7906666666666666,1.0,13.99154834005281,0.06632619521186035,61.40906451339676,11.736272150234486,8.578187522525793,0.19111628296624103,0.13968927210500676,0.23637029480861274,0.4160555826868246,2.209972270418105,1.799869692627599,24.58495162568547,21.10056056532123,69.12732117046365,0.0,64,free,1356.928131315259,724.3094991277266,22.09654457477099,11.794830370192564,,,,,,,,0
Man Excersing,real,upper,15,40,0.98,1.0,16.041758387652088,0.07920120916378458,61.40906451339676,10.777611573044107,7.926076959141475,0.17550522318562442,0.12907014659720722,0.07435505644240258,0.11989755573857125,0.6369742931462588,0.8615395905733674,19.93643933046778,17.72382450385357,47.00657405109258,0.0,53,free,1128.6617862671515,734.413347082948,18.37940042256998,11.959363864315687,,,,,,,,0
Man Excersing,real,upper,30,41,0.791869918699187,1.0,10.418912328545522,0.05114121616538782,61.40906451339676,8.786619747105162,7.825668691129768,0.14308343266144866,0.12743507417251979,0.1293565902374258,0.21622617892580984,0.8704173564491372,1.0707515275083315,22.343392773452216,15.535978632254134,46.45905140770671,0.0,61,free,743.4425115348472,566.7147345454507,12.106396953379102,9.228519259104143,,,,,,,,0
Man Excersing,real,upper,45,48,0.9597222222222223,1.0,13.447869380243716,0.06412133069997866,61.40906451339676,14.992872579182334,9.742047694216936,0.2441475488673427,0.15864185151512364,0.22352763446434767,0.3405979135969404,2.200471125400861,1.2515884758311966,22.877358189543536,18.403072681777665,58.83313063733768,0.0,61,free,1314.4412364530801,599.0914694955138,21.40467774372832,9.755749810597072,,,,,,,,0
Man Excersing,real,upper,60,44,0.9954545454545455,1.0,13.751920949767806,0.06832334616402935,61.40906451339676,11.166399203470933,7.6670868578117455,0.18183633461856297,0.12485268939635327,0.062248138381090244,0.09939472569785522,0.5826282053944086,0.7217018167282608,18.634857557952884,16.55329340791196,43.21312163700007,0.0,54,free,1189.1930771787263,623.8431624263984,19.365106545781963,10.158812340974569,,,,,,,,0
Man Excersing,real,upper,75,46,0.7521739130434782,1.0,12.557299129611698,0.06036818036412844,61.40906451339676,6.784870815325402,5.215866995775664,0.11048647083437073,0.08493643466328642,0.11973465562269989,0.22406027609156318,0.9967209830223517,0.8696532514161062,21.46460431252592,17.314957359196313,53.5255862767119,0.0,61,free,568.4687848252328,565.2038921676117,9.257082636411402,9.203916337860985,,,,,,,,0
Man Excersing,real,upper,90,52,0.9230769230769231,1.0,15.904708306610216,0.07422160281326909,61.40906451339676,16.29928299192265,11.188785278945298,0.26542145074310425,0.18220087486440048,0.21392724784263248,0.33804867021352053,1.3089936935205624,1.2962001214295173,20.091536772154868,16.424100730918347,53.68975255611173,0.0,51,free,1288.7535366834081,712.4638620219132,20.986373052503655,11.601933161943624,,,,,,,,0
Man Excersing,real,upper,105,41,0.9886178861788618,1.0,13.565405130323652,0.06678035134494008,61.40906451339676,8.955297258313166,5.278608161566101,0.14583021788842776,0.08595812692138538,0.05334773063926799,0.07173027550349981,0.30330821569094213,0.5976805607234602,18.76118409659755,17.116159389476255,41.759443382634146,0.0,52,free,1119.9231433160987,593.7659091827738,18.237098255613073,9.669027103535184,,,,,,,,0
Man Excersing,real,upper,120,46,0.663768115942029,1.0,13.248803253788127,0.06510615214650875,61.40906451339676,8.808310258698699,7.0224746221698435,0.1434366461774892,0.11435566846386087,0.11783611238821502,0.24501932104674823,1.2592498469883846,1.3730479052985691,21.302263596092075,15.740694731243117,47.62258272792172,0.0,57,free,827.7497281210387,659.6599174949625,13.47927597790486,10.742061008779148,,,,,,,,0
Man Excersing,real,upper,135,49,0.9510204081632653,1.0,14.050662371894008,0.0671017269800571,61.40906451339676,17.11292238479282,10.856035685386727,0.2786709506225996,0.17678230032340614,0.18143527551851452,0.26525628421715197,0.9339525715137951,0.9568525104764835,19.004177574045233,17.249275683830387,53.32801379255735,0.0,62,free,1344.7266348708895,622.2291494054624,21.89785246732637,10.132529364125379,,,,,,,,0
Man Excersing,real,lower,0,48,1.0,1.0,13.017924539154302,0.061710783056477404,61.40906451339676,10.808523980103455,6.0617309286539705,0.1760086082689879,0.09871068671517651,0.08428895379547217,0.11305327499752922,0.4657589836172021,0.8704029534915718,7.987688635425002,8.251303273407723,19.893617650034656,0.0,61,free,1162.9489172918547,781.138193370967,18.937740323957392,12.720242517300633,,,,,,,,0
Man Excersing,real,lower,15,63,1.0,1.0,13.560769980044372,0.06695209799682457,61.40906451339676,17.295320549201517,11.511260090532723,0.2816411662716086,0.1874521323805783,0.13665246290671818,0.2709192667396309,2.314709310959981,0.9610070372554932,12.36749834875916,11.478488188099684,34.0051547780395,0.0,51,free,1068.586000882238,806.713321862928,17.40111186108558,13.136714070720595,,,,,,,,0
Man Excersing,real,lower,30,44,1.0,1.0,14.655345128749447,0.07193574046633405,61.40906451339676,3.5646898398339606,3.23892770919773,0.05804826808681155,0.05274347907532671,0.1255613168995942,0.14213102888931675,0.6204876668537349,0.569721762132784,7.806380156824793,9.231545103724283,31.730648578856222,0.0,58,free,294.2020782523765,192.712957150568,4.7908575156391535,3.138184218854637,,,,,,,,0
Man Excersing,real,lower,45,49,1.0,1.0,13.386634456823836,0.06382935398129025,61.40906451339676,12.758977750012756,5.967420467286691,0.20777026732314588,0.09717491244285055,0.07887030112745494,0.1016027127049029,0.323345541436822,0.8978326991194674,10.101973054326695,10.167706094147347,29.565037254514746,0.0,57,free,1102.2876149928957,606.0846626313189,17.94991706399346,9.86962865228305,,,,,,,,0
Man Excersing,real,lower,60,64,1.0,1.0,13.535745118248606,0.06724932485288791,61.40906451339676,19.6504508791209,16.415191574896678,0.31999267591568725,0.26730893403066913,0.12819343876777628,0.19628749299633508,1.3781792176708298,1.0249350830877293,11.417358398901168,9.623711039826073,28.974225919767843,0.0,52,free,1179.5108243095174,682.8710287445142,19.20743840760186,11.120036335931184,,,,,,,,0
Man Excersing,real,lower,75,50,1.0,1.0,13.8957818606824,0.06680282575160723,61.40906451339676,3.6352806888003615,3.3391573118632385,0.059197786476739164,0.05437564207047611,0.05160813848335635,0.0689486896736498,0.3092485581733625,0.3206757295354184,4.549142990232793,3.745087294749826,11.15121937687658,0.0,54,free,229.18045480417751,147.4118237471536,3.732029735678198,2.4004896494554937,,,,,,,,0
Man Excersing,real,lower,90,49,1.0,1.0,13.9541262852705,0.0651189320033675,61.40906451339676,11.51379029053196,5.287945384816592,0.1874933347668919,0.08611017651413652,0.10257941870563045,0.13016382843337893,0.5470139709136449,0.8229548473261913,8.953237982789004,8.837557895024426,26.86303311001764,0.0,43,free,1069.9816088948967,718.1724606842866,17.423838278166144,11.69489335776501,,,,,,,,0
Man Excersing,real,lower,105,63,1.0,1.0,14.050555494228123,0.06916867011945596,61.40906451339676,16.359807619995014,11.059960727015278,0.26640704836703744,0.1801030648268951,0.1274187403479433,0.2611571056494738,2.073715281286131,0.9067944025546829,11.302748973302032,9.194477785746395,26.902624242811257,0.0,52,free,1110.96201880806,661.0561761912059,18.09117314538633,10.764798021747954,,,,,,,,0
Man Excersing,real,lower,120,52,1.0,1.0,13.880396257670231,0.06820987324627385,61.40906451339676,4.628117523677978,4.05087997760438,0.07536538067060647,0.06596550541362922,0.11499406004469995,0.16201271405924478,0.6136837277536435,0.6373229880457632,4.713624716445706,5.788026076558641,11.123513626080863,0.0,59,free,336.59341433641777,242.88946260261545,5.481168244518493,3.955270521172451,,,,,,,,0
Man Excersing,real,lower,135,51,1.0,1.0,13.7469662997501,0.06565136610890841,61.40906451339676,12.811286339795952,6.930650284066551,0.20862207300033195,0.11286037882167359,0.07620677301565099,0.1008589621682567,0.42245679984879364,0.9675837101126149,7.799712530341546,7.5670937191608445,18.640128297460173,0.0,63,free,1266.2622803924837,660.5193312254688,20.6201200169112,10.756055908999762,,,,,,,,0
Man high knee jumping,real,upper,0,43,0.9488372093023256,1.0,9.419109313607645,0.04575926197340023,58.891059042333495,7.05682513194773,5.037585198038872,0.11982846372103739,0.08554074727061087,0.12898331245440645,0.23291349257829513,2.1087819856411643,1.5040104363337565,23.36011553341844,20.805437098661024,48.88491281181727,0.011723329425556858,62,free,1109.4576107904663,879.3616192345718,18.839151966904502,14.932005529098191,,,,,,,,0
Man high knee jumping,real,upper,15,45,0.9348148148148148,1.0,13.181738965436573,0.06402065042064346,58.891059042333495,4.564534190995754,3.2422444051756125,0.07750810165792002,0.055054951598763814,0.06029831646031055,0.09088118367108787,0.593991921943796,0.7300185504551342,16.74188636952629,16.462692798226854,41.656417836089375,0.0,58,free,1235.7394612112969,729.7802003232401,20.983481725519535,12.392037300579734,,,,,,,,0
Man high knee jumping,real,upper,30,44,0.9575757575757575,1.0,12.778777791624133,0.06081438404082688,58.891059042333495,5.510959761081733,5.110051284479955,0.0935788870279988,0.0867712581090896,0.06741698342499619,0.12338456991353144,1.5917357262272271,0.9808692535854504,18.691078590590685,20.53160531022024,43.74606104278654,0.010126582278481013,56,free,1186.7355120496686,613.1137428501801,20.151369857291762,10.410981782641178,,,,,,,,0
Man high knee jumping,real,upper,45,46,0.9318840579710145,1.0,9.691868849050318,0.04593507309901091,58.891059042333495,6.283187100145586,4.781672007601882,0.10669169823604213,0.08119521172415332,0.10106132771311141,0.14801356051825304,2.051671799259543,0.880966767986437,21.643447792383853,17.658770821261502,48.76057405553332,0.0,64,free,1107.4840465030045,803.3953917095146,18.80563984605704,13.642060522837575,,,,,,,,0
Man high knee jumping,real,upper,60,48,0.9069444444444444,1.0,12.215199830097632,0.05827934641507879,58.891059042333495,5.834863945933766,4.875902709985346,0.09907894408452407,0.08279529676109801,0.07214106708287223,0.10770960572639537,0.6454890917959429,0.9721183086881017,17.92429977290425,17.53089609672301,43.60791096559716,0.0,65,free,1424.8749773824968,632.2780751946406,24.19509855236656,10.736401849050313,,,,,,,,0
Man high knee jumping,real,upper,75,43,0.9643410852713178,1.0,14.912612130095859,0.0730004273444153,58.891059042333495,5.927048811260193,4.071949760968479,0.10064428977240109,0.06914376863288164,0.08880201264143185,0.1391971220983481,1.0377774719569348,0.8387721517119339,17.197317991017954,16.647632273304307,42.23212051293131,0.0,59,free,1472.5807720631456,579.6080065713375,25.005167100231454,9.842037416149871,,,,,,,,0
Man high knee jumping,real,upper,90,47,0.8184397163120567,1.0,9.598792919689455,0.04598256061354167,58.891059042333495,8.754411118047086,4.928348625269654,0.1486543332792509,0.08368585495680998,0.08413785422000203,0.14946556535552172,1.208679561487628,1.015030894949701,20.493369687002012,18.560504456166058,44.71512550172651,0.00398406374501992,69,free,1111.339240408948,861.3881881802482,18.87110299052473,14.626807569567468,,,,,,,,0
Man high knee jumping,real,upper,105,49,0.9768707482993197,1.0,9.531450135852864,0.04642645651002452,58.891059042333495,8.689536561824106,6.548619292045405,0.14755273046758563,0.11119887124695733,0.11537372911611407,0.25393635996579633,3.457532594897235,1.3591916710779839,22.555695011555912,19.79630441469875,48.3113580805909,0.008797653958944282,71,free,1178.7174710397242,602.9429637112626,20.015219461283756,10.23827680323834,,,,,,,,0
Man high knee jumping,real,upper,120,44,0.9181818181818182,1.0,13.117406292568166,0.06382028659984959,58.891059042333495,4.981900139223402,3.4430252389099465,0.0845951867777109,0.05846431181403866,0.14150967541162499,0.27564770599629423,1.976084046090857,1.269608666248303,18.455071475845525,16.843327009511178,46.48228631897273,0.0,58,free,1040.0743229607765,754.945135131907,17.660988609716206,12.819350635029659,,,,,,,,0
Man high knee jumping,real,upper,135,45,0.9807407407407407,1.0,13.431526761222194,0.06613875195215,58.891059042333495,5.226715322180344,4.3339376188925485,0.08875227253806305,0.07359245510896863,0.07762919591794105,0.11775805164479818,0.8003790559871626,1.0245537297097347,17.441457727074948,17.491568796590762,43.262655992455855,0.0,60,free,1280.4231542943235,835.9976894898896,21.742233458119657,14.195664046199909,,,,,,,,0
Man high knee jumping,real,lower,0,37,0.9027027027027027,1.0,11.699224163085741,0.05683635740279237,58.891059042333495,7.863332762617741,5.17305688217736,0.1335233716371993,0.08784112505870778,0.16238248322259421,0.26044053116980015,1.612532647503037,1.7978297596962514,12.185479872469053,18.236364135169364,45.29979704832785,0.010775862068965518,36,free,1007.2613160409986,747.9478894192115,17.103807138481493,12.700533860013513,,,,,,,,0
Man high knee jumping,real,lower,15,37,0.9801801801801802,1.0,10.304683824457252,0.050047460547553616,58.891059042333495,7.911393226684518,6.410139558134585,0.13433946265081528,0.10884741525070374,0.2718034120977674,0.508143819873418,2.8642817954554927,2.4520579752591125,6.70685994818173,7.977524564189804,30.40475974669817,0.0,32,free,1208.617457741212,597.8640902334753,20.522936374304365,10.152034960072703,,,,,,,,0
Man high knee jumping,real,lower,30,28,0.8666666666666667,1.0,9.986688519442227,0.04752679174964248,58.891059042333495,7.14464705335285,5.645277294464669,0.12131972441210409,0.09585966675190191,0.3244483507405657,0.5220721250989407,3.4647268273171257,2.7601887559829965,11.167754250904483,10.544442820536988,34.99616609928671,0.0,25,free,964.2396179095274,624.8585087750945,16.37327692165273,10.610413854604289,,,,,,,,0
Man high knee jumping,real,lower,45,33,0.793939393939394,1.0,12.735996799324067,0.060362862217542855,58.891059042333495,9.013305459487375,7.336372306101064,0.1530504902791477,0.12457531627725281,0.12298502822003994,0.18362274559873842,0.8183165456098493,1.5388690538539553,13.345626261291246,24.148656762195483,59.45747216128874,0.023178807947019868,25,free,1071.9398814229967,583.5595332894826,18.20208192643367,9.909136340543549,,,,,,,,0
Man high knee jumping,real,lower,60,48,0.9486111111111111,1.0,13.485415826533812,0.06433961224027462,58.891059042333495,7.268023543643181,5.881341905675438,0.1234147196846741,0.09986816337345317,0.2105541516254464,0.3344395291390656,2.160711084340218,2.703582153335768,9.211617882870359,17.917873144137207,30.31712575922033,0.013937282229965157,41,free,1280.6499333870295,722.1753848105758,21.746084281935595,12.262903682738058,,,,,,,,0
Man high knee jumping,real,lower,75,38,0.8719298245614036,1.0,9.336224819943157,0.0457028182382563,58.891059042333495,12.002230931268672,8.147061730188602,0.20380395812955135,0.13834123316295152,0.21771109630803714,0.3437903254678229,1.6381625614213953,1.7899777669273462,13.384652365270565,16.789618823747016,42.017528664887045,0.002932551319648094,29,free,1227.5186022659987,678.0621968199221,20.84388737827934,11.513839415462048,,,,,,,,0
Man high knee jumping,real,lower,90,38,0.7859649122807018,1.0,13.89645539993415,0.06657030817178244,58.891059042333495,6.474217709205911,5.669981059812725,0.10993549469966159,0.09627914919541339,0.1390464641734428,0.19836851887138982,0.748209612487791,2.182712249582921,13.015078375823874,21.995186392367085,53.633804762172204,0.021798365122615803,33,free,927.7528960908099,524.7860926153345,15.753713911374902,8.91113355998735,,,,,,,,0
Man high knee jumping,real,lower,105,37,0.8648648648648649,1.0,12.007955335219263,0.058489191906682586,58.891059042333495,10.353096501196054,6.705124367044605,0.17580082052444992,0.1138564066614028,0.15728353023961683,0.3422444780952344,2.753643746908291,1.6603930742549526,7.375701908638803,12.430182151388316,36.47555067704349,0.0,31,free,936.3889614618274,488.04854244627575,15.900358673949295,8.287311357322423,,,,,,,,0
Man high knee jumping,real,lower,120,32,0.9520833333333333,1.0,9.036799373688396,0.04396685694647494,58.891059042333495,8.35838978259349,7.204217383578108,0.14192969049147358,0.12233125878071573,0.5451047383141199,0.9857459663325092,5.5125555598865725,4.483340947449955,14.434764476385208,31.399309984935503,93.59676296952284,0.05458515283842795,34,free,982.4329296809892,719.6959218112913,16.682208567089496,12.220801145619442,,,,,,,,0
Man high knee jumping,real,lower,135,32,0.9041666666666667,1.0,7.506457909464186,0.03696286852114572,58.891059042333495,7.580507889243921,5.164863866561988,0.1287208620886698,0.08770200350530724,0.304189291854643,0.5640617638016209,3.117023365491074,3.1323642533269096,16.47789490850392,25.85109175773897,50.39994272411796,0.0199501246882793,31,free,1050.1734584973692,643.3723668164433,17.832477044477297,10.924788538001309,,,,,,,,0
Man jumping,real,upper,0,50,1.0,1.0,13.174531839563054,0.0660999134152408,64.16072018621199,7.075835486356236,3.1262894725355244,0.11028298101736113,0.048725909925296594,0.07973503762067485,0.1443140416027063,1.1775013987076774,0.7138798373213213,19.230410329195823,19.22155251384296,48.28051261697966,0.0009950248756218905,67,free,1142.559932770427,668.9028087448033,17.80777911242899,10.425425506500927,,,,,,,,0
Man jumping,real,upper,15,47,1.0,1.0,18.227682647563245,0.0765604248154979,64.16072018621199,6.172741305750861,4.832553483561434,0.09620748158430695,0.07531950186244855,0.07493896584760994,0.1060470741346558,0.587095530817319,0.7943626369039323,16.026679554923962,20.16221893753652,49.68573324031128,0.0,49,free,1433.480481637405,588.6331941797495,22.342026047666735,9.174354534540365,,,,,,,,0
Man jumping,real,upper,30,52,1.0,1.0,14.28226733328311,0.06355137474417005,64.16072018621199,10.287036443888551,7.982609314201506,0.16033230945713753,0.12441583091701257,0.1747004220789476,0.4718843243174083,4.823588696809963,1.0604227977362208,20.47907598723735,24.225585767097,55.37370704173223,0.017708333333333333,64,free,1152.3423031901666,674.7533264029682,17.960245767905246,10.516610855436928,,,,,,,,0
Man jumping,real,upper,45,51,1.0,1.0,18.489119191186408,0.07712957721418334,64.16072018621199,5.49346608746027,4.811164662044702,0.085620393155138,0.07498613868549768,0.1033605547284104,0.142920518266483,0.6215220733261382,0.9397885395536846,8.951135595837021,16.12731643147589,38.678060537496854,0.00975609756097561,41,free,1549.8329681683526,868.7931330362039,24.155479609180084,13.54088810902883,,,,,,,,0
Man jumping,real,upper,60,46,1.0,1.0,17.543491953137153,0.07516112390609088,64.16072018621199,4.199074911493054,3.2818545528780296,0.06544619354811149,0.051150525482774954,0.09445566828571893,0.14598000856045965,0.8236742997902566,0.9115616881894283,7.813272069522855,14.964428646539785,49.81191779877517,0.0,40,free,1175.3802991933521,870.2361554186792,18.31931274745789,13.563378853806745,,,,,,,,0
Man jumping,real,upper,75,49,1.0,1.0,17.800677750864953,0.07282541234343783,64.16072018621199,5.960616710882526,4.862634560328131,0.09290133735380748,0.07578834131249515,0.08544636362793483,0.1213217797043579,0.9342215018669128,0.9126250761752682,11.972756381003999,17.126222186382176,44.99997267925635,0.001388888888888889,48,free,1325.0598420337785,1213.278601248667,20.652197141617048,18.909990376158497,,,,,,,,0
Man jumping,real,upper,90,47,1.0,1.0,17.91261018377805,0.07494874072119037,64.16072018621199,5.068684742209849,4.564031951967775,0.0789998105928228,0.07113436287375989,0.07850910295573092,0.11732198256107366,0.5923243052877158,0.8018488420978748,17.09625155337634,20.644628856151307,53.76350965076517,0.0012578616352201257,53,free,1259.2213639236406,907.9193380441011,19.626047841561554,14.150703661197543,,,,,,,,0
Man jumping,real,upper,105,51,1.0,1.0,13.799641735819215,0.06419913094734511,64.16072018621199,8.1960692781007,6.328539598526032,0.127742788022227,0.09863573195810266,0.08661936292542438,0.14181066079295107,0.8291989514299681,0.6802959987208836,17.77041778146853,20.606679940916344,51.34824730907492,0.004901960784313725,68,free,1086.8267648083545,625.8363210263034,16.93912976123219,9.754197259786906,,,,,,,,0
Man jumping,real,upper,120,50,1.0,1.0,17.73759591227363,0.07743412464681494,64.16072018621199,6.732841539095624,5.520934088042539,0.10493712538692011,0.08604850556569932,0.10567026836034049,0.1555805313473023,0.6970964882453998,0.8888380779319633,18.160434642163423,20.76352395856759,52.184192910333394,0.004301075268817204,62,free,1582.43573023717,812.6054069413976,24.663621693218342,12.665154078429826,,,,,,,,0
Man jumping,real,upper,135,45,1.0,1.0,17.214083048889954,0.07367213400695276,64.16072018621199,4.56725294006406,3.765435669734608,0.07118456474317372,0.058687553051248204,0.07746662899723737,0.12133392312056514,0.7182950203077314,0.9297551547790455,17.982846038492657,21.0682493431435,52.14169450335704,0.0027210884353741495,49,free,1308.7814241351325,694.2331273236798,20.398483999816246,10.820220304710189,,,,,,,,0
Man jumping,real,lower,0,48,0.9944444444444445,1.0,14.93492000212236,0.07493222006107939,64.16072018621199,11.421321336935142,6.1069045320273085,0.17801111495923577,0.0951813588485821,0.2063707495374699,0.7841929463472642,11.710300936620824,1.6968854896026044,4.554116124628957,6.652422582127825,12.739017851773701,0.0,39,free,1024.6939254858594,694.2693849239987,15.970736028397388,10.820785410591382,,,,,,,,0
Man jumping,real,lower,15,54,1.0,1.0,14.218938651421347,0.05972278564570306,64.16072018621199,5.882671714842588,4.649817778683332,0.09168649756064867,0.0724714087558289,0.05487025066419815,0.07681630703517545,0.49010388597839477,0.685234208728,4.1033848857977056,4.415344811572671,13.46959522055388,0.0,45,free,1575.9888815561362,605.8102465055991,24.563142012467825,9.442073666682228,,,,,,,,0
Man jumping,real,lower,30,61,1.0,1.0,14.714791674941328,0.0654759652788004,64.16072018621199,5.930198354738521,4.222226369408886,0.09242724111461749,0.06580702892914587,0.10930020535429202,0.17932738583064528,1.464227441684241,0.9421374241765791,6.836896167278852,7.704716200505697,19.901280696805753,0.0,52,free,1295.9605200534972,598.1767056244307,20.198659184190337,9.32309836748026,,,,,,,,0
Man jumping,real,lower,45,56,1.0,1.0,14.613223884093864,0.06096081529149586,64.16072018621199,5.620029543649104,5.194477232314632,0.08759299345983397,0.08096039472809588,0.10505522095354253,0.13635093672036244,0.8861268222613753,1.129876819890521,9.597629245504985,13.001145099607772,37.3673903373779,0.006535947712418301,51,free,1522.2421875551945,797.4580768072917,23.72545356625098,12.429069912133933,,,,,,,,0
Man jumping,real,lower,60,59,1.0,1.0,14.305641007823034,0.06128928375361258,64.16072018621199,4.753468115475643,3.111558349298192,0.07408688839027643,0.04849631270140979,0.0652948026547438,0.09434140599958206,0.7656320759380388,0.7484686365567108,5.035711191569737,3.8225055141534257,11.978058427888026,0.0,48,free,1286.5421777018023,827.7433561540654,20.051866219205525,12.901092034997852,,,,,,,,0
Man jumping,real,lower,75,62,1.0,1.0,13.887285633002353,0.05681510090284927,64.16072018621199,5.037409707616146,4.018627334083671,0.07851236228328179,0.06263376287579868,0.06432897087098599,0.0925059097028113,0.6936962743023246,0.9682898138718199,3.8263069086430033,3.3015597256141613,10.287537690262763,0.0,49,free,1287.3899586389791,982.019761517944,20.065079614172358,15.305622484720457,,,,,,,,0
Man jumping,real,lower,90,54,1.0,1.0,14.296941067783214,0.05982030079378518,64.16072018621199,5.359153398528518,4.261955856435202,0.08352701439408389,0.06642624715037236,0.07276388635745132,0.07292275994150264,0.4010492855545019,0.7299354477575735,3.988346999344626,4.3188608743519294,13.194320310621473,0.0,44,free,1297.3631989817195,1049.9151549649364,20.22052114153981,16.363830579173598,,,,,,,,0
Man jumping,real,lower,105,62,1.0,1.0,14.783856128274543,0.0687779243588793,64.16072018621199,8.319493706088089,6.317906998207889,0.12966646387295278,0.09847001373849283,0.0909122298250455,0.122891315536921,1.0335505395612241,0.833907711919957,10.502638300312233,13.890561468232024,49.168749119747694,0.0,58,free,1121.986271328946,687.0425731049014,17.48712090625907,10.708149333594069,,,,,,,,0
Man jumping,real,lower,120,59,1.0,1.0,14.26005617337772,0.062252797541511556,64.16072018621199,6.65964840220463,5.29855257496408,0.10379634740502454,0.08258249844431653,0.0807653778119795,0.09761415742547065,0.46862270577765436,0.8616721428562848,3.747267341460603,3.5670107923748446,10.514274264441942,0.0,47,free,1669.2220865615493,732.7052772413407,26.016261689660112,11.419841845833856,,,,,,,,0
Man jumping,real,lower,135,62,1.0,1.0,13.967798621338648,0.05977881766288725,64.16072018621199,4.454364205442936,2.7463095170325653,0.06942509673387628,0.04280359554976974,0.07540793596845381,0.10192800800737539,0.8050129945836412,0.7835257293247366,3.602938459642057,2.6911680827097566,8.585940192716574,0.0,50,free,1377.38066092454,719.7899259105648,21.467662098040734,11.218544988608874,,,,,,,,0
Man playing basketball(1),real,upper,0,36,0.8888888888888888,1.0,12.075329765010412,0.05964329239328286,73.66282619272576,6.932092578823012,3.984800056565277,0.0941057102626828,0.05409512860855694,0.13133104371100768,0.2520313588379149,1.6465772716805773,1.5879817655802348,8.92346078511779,13.19357953365664,41.845139975526735,0.0,33,free,1556.22689075955,2319.5392174622575,21.126353293694674,31.488599302361727,,,,,,,,0
Man playing basketball(1),real,upper,15,40,1.0,1.0,14.101595813585533,0.05906433990925217,73.66282619272576,4.609833839518968,3.5449222386780654,0.06258019244955594,0.04812362519737436,0.09032017232093889,0.1578520396571392,0.8235597554164374,0.5974733215395438,18.578391407502064,20.91545049727091,52.73574546899342,0.0,50,free,586.7663823344506,457.7342300312061,7.965569781415664,6.213910783624096,,,,,,,,0
Man playing basketball(1),real,upper,30,41,1.0,1.0,14.812534103256398,0.06313290675572572,73.66282619272576,9.854848548735923,5.060393235457391,0.13378319918044487,0.0686967022174491,0.096980883537951,0.1563770568545871,0.7207450997749364,0.9005129654691424,11.13343029472927,13.769711887979682,40.4906422099564,0.0,43,free,1388.2703196499479,690.4526920422837,18.84628097241048,9.373149629581635,,,,,,,,0
Man playing basketball(1),real,upper,45,43,0.9813953488372092,1.0,16.08330965370054,0.061459773104303714,73.66282619272576,7.454583207837461,6.065495201691169,0.10119871301616724,0.08234133164836593,0.09672032039935091,0.15096936804021643,1.5212852385633346,0.8634554814324602,18.33981255409865,18.368825768126506,46.666326634393485,0.0,57,free,1112.9360332473484,776.2244147357688,15.108516612375801,10.53753236001175,,,,,,,,0
Man playing basketball(1),real,upper,60,40,0.985,1.0,13.82968166512897,0.0536996413250557,73.66282619272576,4.803791278095996,3.527075302944025,0.06521323612438824,0.0478813464706887,0.0993666372344293,0.1788489564122786,0.9794567471020207,0.9725725333234686,14.8579527480237,17.593199593691935,46.14443239079754,0.0,41,free,374.83857003550014,352.9922653110327,5.088571663742595,4.792000029804598,,,,,,,,0
Man playing basketball(1),real,upper,75,45,0.9585185185185185,1.0,12.951048403657177,0.050615300398861716,73.66282619272576,3.551287903976941,2.4469095378018264,0.048210041448662644,0.03321769831909409,0.09312904690835792,0.23358400945599897,3.3272080849760015,0.8367714991466294,19.901918499857203,19.483422772591304,46.55527131940386,0.0011668611435239206,61,free,775.8458298092462,573.3420452628859,10.532392930178688,7.783329460681264,,,,,,,,0
Man playing basketball(1),real,upper,90,39,0.9196581196581196,1.0,16.27339270891099,0.06292233461093273,73.66282619272576,8.359972865082005,6.755578407333385,0.11348971112253574,0.09170946536396266,0.0820684016727572,0.12360071637745115,0.829837288610096,0.8312731589007863,14.48688835393434,20.852176990352547,50.87217294214317,0.006622516556291391,46,free,1567.1290479691902,781.9021237512123,21.27435409373344,10.61460935133691,,,,,,,,0
Man playing basketball(1),real,upper,105,38,0.9736842105263158,1.0,14.864986132976167,0.0604607862542713,73.66282619272576,6.45672813312501,6.168266965251048,0.08765246280711687,0.08373649619569128,0.13627827810001697,0.19893733555036738,0.8075227538046666,0.9044763542328838,22.319140707982235,20.989633934126715,57.58177887818021,0.005925925925925926,48,free,512.8824252149449,381.4728859751874,6.962567847628852,5.178634946440027,,,,,,,,0
Man playing basketball(1),real,upper,120,32,0.9479166666666666,1.0,13.333830696824226,0.05358345176409823,73.66282619272576,4.000203056367636,3.016765485346871,0.05430423000472195,0.040953702719116934,0.12745377994988555,0.2285325714845591,1.5701909629149153,1.2172640570130038,21.458709439338257,20.8918496702867,55.18092267407208,0.0,39,free,404.15816252707674,524.9249460221829,5.486595931978884,7.126049503569271,,,,,,,,0
Man playing basketball(1),real,upper,135,32,0.9416666666666667,1.0,12.46647611384342,0.049445238929515724,73.66282619272576,12.738400249975257,5.85745931109151,0.17292847570968137,0.07951716780138877,0.3288457203776005,0.7387781867129388,4.836325106934221,1.6538744088199182,16.98221836515168,21.105718128261696,58.78187459944585,0.0,28,free,1265.7843808191387,904.3240729091077,17.18348923386998,12.276532406496374,,,,,,,,0
Man playing basketball(1),real,lower,0,39,0.8085470085470086,1.0,12.176631798993133,0.06014365030900397,73.66282619272576,8.825064814499791,6.921006577494374,0.11980350565712168,0.09395521371100783,0.14902177117815962,0.2751679067628836,2.2368847889132666,1.7177050569121224,14.029417519826985,16.315755027618668,45.98450261824334,0.0,41,free,1382.2453298109406,2270.2714443670334,18.7644895159811,30.819771134320444,,,,,,,,0
Man playing basketball(1),real,lower,15,35,1.0,1.0,14.150998608924636,0.05927126283733417,73.66282619272576,2.4504230271952103,2.3676738417858028,0.033265395231837996,0.03214204455842086,0.039772544506771264,0.0546849443313965,0.2694955535211421,0.3562345758021121,18.804630721877494,18.032939429737986,41.87832183596777,0.0,52,free,241.30832339573635,166.918013776676,3.2758493784150473,2.2659735229268088,,,,,,,,0
Man playing basketball(1),real,lower,30,36,0.8185185185185185,1.0,13.77267469733401,0.0587008935393828,73.66282619272576,8.704958279057943,4.941739292748899,0.11817301519606319,0.06708593123782289,0.0876754003984511,0.1785415440984246,1.5256750161042576,1.3268989248403937,20.87442270421223,19.486456727750657,49.447615270402224,0.0,52,free,1218.5812829413353,832.9316930126388,16.54268979244881,11.307354551309507,,,,,,,,0
Man playing basketball(1),real,lower,45,28,0.9880952380952381,1.0,15.573597041776528,0.05951198859030949,73.66282619272576,5.5291808390911665,4.839284825617616,0.07506066661934803,0.06569507410639504,0.09852414196932002,0.13103105939149268,0.45787495160422104,0.645007201078581,17.771905796755327,20.287836863414395,53.54806875679173,0.0,39,free,647.8336341840508,547.5959640792123,8.794580220002809,7.433816924788146,,,,,,,,0
Man playing basketball(1),real,lower,60,33,1.0,1.0,15.181215726008672,0.05894754912692766,73.66282619272576,2.8519570981066162,2.0752261985387923,0.03871636815352393,0.028171960075348317,0.02346235011127543,0.03040482665280095,0.1147806714304188,0.18246506789783917,8.406984988255159,15.124943878104736,44.96484686958406,0.0,35,free,96.39383504937413,63.26708070581315,1.3085818184219093,0.8588739256390465,,,,,,,,0
Man playing basketball(1),real,lower,75,32,0.9916666666666667,1.0,16.114636752336143,0.06297923956547835,73.66282619272576,2.7341763307889435,2.0180451479828014,0.037117450851470925,0.02739570625084277,0.04086840380466842,0.0599479202895252,0.3410044121909168,0.43268361563515445,11.296006963474774,17.06993421961795,45.9019201166498,0.0,35,free,400.65114767921204,341.2530724708268,5.4389869135753655,4.63263616275051,,,,,,,,0
Man playing basketball(1),real,lower,90,31,0.7268817204301076,1.0,15.227633579289499,0.05887882585688849,73.66282619272576,12.921903852123819,12.469854778588928,0.17541960470422277,0.16928287201422001,0.1749916895363206,0.3659782853530484,2.6289301664332467,1.7215108881260461,14.169769679441089,17.181547785810366,50.978232693227845,0.00684931506849315,29,free,1519.9501744446893,1302.1676913087772,20.633883506831634,17.67740607592065,,,,,,,,0
Man playing basketball(1),real,lower,105,34,0.9745098039215686,1.0,12.839243299172407,0.05222142407894923,73.66282619272576,4.354300397185961,4.4045437598873765,0.05911123184160358,0.05979330399791703,0.06047606811078447,0.09350371534249885,0.36711588172474346,0.3829916771072246,18.804638254264084,17.009165496427716,42.493594563952236,0.0,49,free,260.81486554764405,114.29202479623301,3.5406578735557614,1.551556337211501,,,,,,,,0
Man playing basketball(1),real,lower,120,34,1.0,1.0,14.428833935017545,0.05798384160924887,73.66282619272576,2.255303016162182,1.912568942904326,0.03061656920767037,0.02596382791369459,0.02456154117413466,0.040666044716052833,0.35884007003285157,0.19384009104996816,16.58794267684978,15.68867919868308,36.52666570757708,0.0,48,free,81.24263182431419,51.127482516945314,1.1028986535455103,0.6940744084835857,,,,,,,,0
Man playing basketball(1),real,lower,135,32,0.9895833333333334,1.0,14.987200556757227,0.059443078031532634,73.66282619272576,5.343376588800321,4.685434649745713,0.07253830547880855,0.06360650129669342,0.06459151677606836,0.10092522468279992,0.6426023206430378,0.8981440385521351,19.159963613106594,16.457924769297026,44.204246332024134,0.0,46,free,858.437403946295,691.7913461796103,11.65360397251587,9.39132235260239,,,,,,,,0
Man playing basketball,real,upper,0,41,0.8146341463414634,1.0,15.453179286324538,0.057037536022304776,66.92599982628772,8.388059580361661,5.3110646810185775,0.12533334731096438,0.07935727063927188,0.11012011372594593,0.17101470397453242,1.0108255939874706,0.8404363618216306,22.861762357179806,18.745504559679627,50.873486817086516,0.00322061191626409,55,free,711.5249107232236,500.4965002122132,10.631517087081981,7.478356715047898,,,,,,,,0
Man playing basketball,real,upper,15,47,0.9361702127659575,1.0,13.769190839314037,0.06326632560569424,66.92599982628772,13.525330228612036,10.677658147871117,0.202093809038613,0.15954424551872085,0.2193692435700163,0.4096969296143709,3.0032048734322156,1.0668066343151912,18.395441932753776,20.536517801090696,61.34469785395956,0.006482982171799027,46,free,727.5789767332802,476.3493642522254,10.871394952959612,7.117553200379999,,,,,,,,0
Man playing basketball,real,upper,30,31,0.8731182795698925,1.0,15.69329913227893,0.05313755716567747,66.92599982628772,8.973750596134776,5.364087715110832,0.13408466992539417,0.08014953424728492,0.10357532457161901,0.18038947856259974,1.1368422298291299,0.7490848681255964,11.481179308415095,18.851291476561705,46.11419807036087,0.014204545454545454,29,free,665.2437572887291,552.256877076833,9.939989824812887,8.251753855157398,,,,,,,,0
Man playing basketball,real,upper,45,47,0.9985815602836879,1.0,15.233122897544156,0.06998777594758472,66.92599982628772,13.477682282664727,9.01986043304985,0.2013818593319073,0.13477363739744921,0.2355809932802002,0.4830338532440342,4.300664415217127,1.0272552514922746,10.28690746950798,13.505366635968159,43.69601762960513,0.0,43,free,600.5151915231526,419.68467416234455,8.972823612375493,6.2708764195032245,,,,,,,,0
Man playing basketball,real,upper,60,36,0.8333333333333334,1.0,15.313414333051561,0.05141309524321882,66.92599982628772,9.47000564378906,6.219304490766186,0.14149965138166462,0.09292807738261563,0.09470875775489296,0.2366396005860033,2.853825810914445,0.8737247847825955,12.093154794259965,23.19605422109809,44.792869812203506,0.0339943342776204,30,free,738.6451382710093,483.4600356336836,11.03674416800985,7.223799971439297,,,,,,,,0
Man playing basketball,real,upper,75,40,1.0,1.0,14.644407806526669,0.05903939330247637,66.92599982628772,9.043765047050192,7.217874454992481,0.13513081717903466,0.10784858610595441,0.1509598964398903,0.22131709406943448,1.117626518353268,0.684851372974802,13.295034669015193,19.159112636511665,53.14071025563661,0.009523809523809525,35,free,592.6382217305086,434.65149003452206,8.855126905369406,6.4945087284866565,,,,,,,,0
Man playing basketball,real,upper,90,29,0.7954022988505747,1.0,16.769490357788694,0.057243607231839175,66.92599982628772,9.938224787016173,7.7842640602941175,0.1484957238264905,0.11631150943577764,0.1422014956150964,0.3128585550325418,1.9270451227463847,1.413001053873751,13.663604422115023,21.023564500618576,54.35657644958808,0.017964071856287425,29,free,1766.2333637774427,2876.492285200908,26.390840157216264,42.98019144528427,,,,,,,,0
Man playing basketball,real,upper,105,38,0.9982456140350877,1.0,17.659611267040198,0.06705922661592321,66.92599982628772,12.517535004309865,9.925751797800627,0.1870354576218543,0.14830935396652695,0.17318962355414827,0.28511601664072284,1.375388909052217,0.7455372860939933,14.059031956851143,14.359933188356843,40.628586115389446,0.0,35,free,657.8088777711552,411.7827191959137,9.828898775939926,6.15280638712506,,,,,,,,0
Man playing basketball,real,upper,120,33,0.806060606060606,1.0,19.8501861951331,0.05900891262492689,66.92599982628772,10.17540036157847,6.777479692951203,0.1520395718852107,0.10126826211850018,0.11128720306926126,0.2072210114310694,1.5628963647886915,0.9212250865804876,7.33081732506984,9.588784281742633,30.747291455001008,0.0,28,free,770.434708414995,606.5011489321049,11.511739987668852,9.06226504656384,,,,,,,,0
Man playing basketball,real,upper,135,40,0.9933333333333333,1.0,17.13008487465399,0.06023427953566092,66.92599982628772,12.434096001263667,9.558059951488394,0.18578872237303065,0.14281534794096723,0.24213718286523844,0.45614168141127,3.954699492716888,1.0303813163116935,13.224006879796052,17.754715844282025,53.27748427160263,0.0,37,free,658.8705637864266,498.02385207718896,9.844762356880475,7.441410712874718,,,,,,,,0
Man playing basketball,real,lower,0,30,0.9577777777777777,1.0,17.437212576381437,0.06436058380129601,66.92599982628772,4.023929977970948,3.46548795571628,0.060125063329877916,0.05178089180156078,0.0733093633840758,0.1000717977463046,0.6186068758161412,0.4872915160140472,7.002144651078934,9.829231308443326,30.052811339079447,0.0,32,free,259.71014210480433,150.6137885293172,3.8805567758256085,2.2504525732936145,,,,,,,,0
Man playing basketball,real,lower,15,22,0.9272727272727272,1.0,13.200912270672251,0.0606552137852541,66.92599982628772,30.290897012452476,12.44914885977747,0.4526028313521672,0.18601364032050807,0.06912586803712277,0.11212072315987083,0.8916564925308711,0.4325411309112056,18.115761692648707,15.053955780094531,44.06489621459031,0.0,36,free,204.78076049886576,168.1698860864951,3.059808759381886,2.5127736085078256,,,,,,,,0
Man playing basketball,real,lower,30,27,0.8888888888888888,1.0,17.002304511006535,0.05756985324032806,66.92599982628772,4.8453673429319375,3.944845032452646,0.07239887869450605,0.05894338586934578,0.05612270179746988,0.09095280009225744,0.6034898614707778,0.41868156695356484,8.29861806113964,10.077636285266648,31.430115826113497,0.0,32,free,280.62927156079746,217.56535322124228,4.193127817129295,3.2508345603495226,,,,,,,,0
Man playing basketball,real,lower,45,25,0.9733333333333334,1.0,14.56013151306168,0.06689575269348179,66.92599982628772,10.090336774522594,3.889215053135127,0.1507685623033342,0.05811216960867113,0.07475945930165045,0.12525703588023754,0.6573279024498552,0.41550062355306344,10.261788184677526,12.16998785746985,34.562333833948735,0.0,28,free,177.4886094947443,193.5040201776319,2.6520128194637587,2.89131310223065,,,,,,,,0
Man playing basketball,real,lower,60,31,0.8623655913978494,1.0,16.124264990309516,0.054135436659897666,66.92599982628772,7.496525570189128,4.801122372857634,0.11201215655570354,0.07173777583180478,0.039523796365328046,0.06397385818990248,0.47915185593461634,0.3758520714771706,8.390311607839351,10.76400114126934,32.669663891189934,0.0,36,free,202.231242805043,146.1230685050066,3.021714181782145,2.183352790907596,,,,,,,,0
Man playing basketball,real,lower,75,21,0.9365079365079365,1.0,18.693351734143288,0.07536283882245795,66.92599982628772,3.8956981649819387,2.7601713173205114,0.0582090394628928,0.04124213795064365,0.044693324074972986,0.06152843693552341,0.2357141995113588,0.28459881184920305,11.969987217850997,12.510991584121735,37.96334271896454,0.0,28,free,194.37669108282287,156.43854820181704,2.9043524428076464,2.337485410869721,,,,,,,,0
Man playing basketball,real,lower,90,27,0.8691358024691358,1.0,18.372137239319006,0.06271433333384283,66.92599982628772,8.955980592828013,5.03370984348361,0.13381915273696385,0.07521306900978758,0.08464352944284953,0.1709820256421195,1.2059450372850995,1.0107103661180705,11.505308871957048,13.266223809276717,38.460515798875875,0.0,31,free,735.2783430419026,1251.4762832901727,10.986437930705284,18.6994036180033,,,,,,,,0
Man playing basketball,real,lower,105,22,0.9848484848484849,1.0,16.973296016846863,0.06445306676354995,66.92599982628772,16.982910473491888,6.05752724609739,0.253756544804299,0.09051082183038327,0.06726608365344047,0.0877238729826351,0.33918593530322916,0.38858622365421924,9.976558599771039,11.191429939313199,31.353697063915895,0.0,28,free,222.51875487712834,156.080493453449,3.32484767436714,2.3321354011679998,,,,,,,,0
Man playing basketball,real,lower,120,31,0.853763440860215,1.0,19.939572318075065,0.059274631941950554,66.92599982628772,4.621008513281763,3.623725491151478,0.06904653685079033,0.05414525745685046,0.04992858458900795,0.07427201805933539,0.633874615571844,0.4451494246378588,9.077805269849133,10.097442540177338,30.488308093212183,0.0,34,free,305.04654032638825,223.30697350285914,4.557967622720067,3.3366251394446387,,,,,,,,0
Man playing basketball,real,lower,135,25,0.9253333333333333,1.0,19.416783256393074,0.06827496529683977,66.92599982628772,5.147168132068726,4.019706243230378,0.07690834870496743,0.06006195280853296,0.04536444233660044,0.0775656851848898,0.6319391916529751,0.3010435558725608,11.790345876647567,14.041883621385377,37.53852459505661,0.0,27,free,166.65205194950138,106.29238128252042,2.490094318830669,1.5882075958284012,,,,,,,,0
Little girl dancing,fake,upper,0,37,0.7675675675675676,1.0,79.60874640699909,0.11916664437219288,203.58593619326018,36.91960207661998,22.86535283175915,0.1813465250447011,0.1123130274089931,0.12111107130958311,0.18291573360248453,0.8926964889331945,1.3254346504909078,17.453609851635672,22.302839791814907,50.00183520660239,0.014141414141414142,49,free,5339.883995601428,3368.6657300024954,26.229139868150714,16.54665245051449,,,,,,,,0
Little girl dancing,fake,upper,15,42,0.9111111111111111,1.0,50.40928174801498,0.061399750894616675,203.58593619326018,32.86514727918452,21.114425842569375,0.16143132425407947,0.1037125954639905,0.15902899775401333,0.28232298225926244,2.255910041293004,1.393622294735794,16.164630534732083,18.777754236611134,45.96259836745441,0.00945945945945946,59,free,4213.3136244970765,2953.6420942646905,20.695504332369303,14.508085133448782,,,,,,,,0
Little girl dancing,fake,upper,30,42,0.7634920634920634,1.0,48.93832368486493,0.07102161660729706,203.58593619326018,39.36417577221234,39.94947881472356,0.19335410150750637,0.1962290694618527,0.19868322354814033,0.5944561024945332,4.969233453734501,2.1098369328748388,19.0872281768239,18.552840398847533,56.53921387971951,0.003992015968063872,53,free,3060.8568382763488,2191.0388566394327,15.034716520745995,10.762230916380796,,,,,,,,0
Little girl dancing,fake,upper,45,36,0.7703703703703704,1.0,62.95189067772068,0.08897065528668716,203.58593619326018,27.616591572268092,23.202281296562486,0.13565078260637906,0.11396799666228914,0.10934918733047956,0.1786063321719071,0.940785588064699,1.0552650301542648,17.959008304656535,15.693466381429461,42.6347896304708,0.0,47,free,2758.636983141184,1781.3595984347369,13.550233551115552,8.749914811127852,,,,,,,,0
Little girl dancing,fake,upper,60,40,0.8683333333333333,1.0,58.88137916622367,0.08029057687086952,203.58593619326018,31.681152816287334,27.227232058719114,0.15561562556174327,0.13373827567771102,0.200332529723109,0.36055799069228883,2.0395643450471925,1.7363714739232883,22.860870874756703,18.689719385266173,59.81284952357302,0.004702194357366771,53,free,2148.9864005700065,1603.209160931687,10.555672168484248,7.8748522167552455,,,,,,,,0
Little girl dancing,fake,upper,75,42,0.6555555555555556,1.0,48.87752611011001,0.07674613071108154,203.58593619326018,34.809390034208015,31.22883983633506,0.1709813098345071,0.15339389557189317,0.14310298427268728,0.3831654365987514,3.4857382525481087,1.5081457701377363,19.25368732294964,17.371069706392298,53.29806563444066,0.0,53,free,1994.258676099926,1345.4243858735292,9.795660316176335,6.608631278912822,,,,,,,,0
Little girl dancing,fake,upper,90,34,0.8705882352941177,1.0,59.88776668850488,0.08392414137488077,203.58593619326018,27.7321475869277,20.746964266510705,0.13621838573663608,0.10190764968566401,0.1002993142895076,0.14910843569857685,0.9251555785615977,0.9029689994102169,18.25448805919145,15.340779927491866,43.67578741217511,0.0,48,free,2560.6413179385686,1716.800947111171,12.577692574539144,8.432807192936181,,,,,,,,0
Little girl dancing,fake,upper,105,40,0.7866666666666666,1.0,53.86311082988293,0.0784603812456449,203.58593619326018,22.314232614377232,18.672584387850552,0.10960596312112034,0.09171843957887656,0.14139344127001843,0.35803650372909934,3.1390278859959975,1.410815070863211,19.766253172667096,17.117186317649825,52.31885381216554,0.0,53,free,2057.3489992164727,1229.4649168527008,10.105555608042941,6.039046408812805,,,,,,,,0
Little girl dancing,fake,upper,120,44,0.7045454545454546,1.0,48.47494297546745,0.0765195945443544,203.58593619326018,33.43883183832715,27.798200968455273,0.1642492230238552,0.13654283536593106,0.1163984659752307,0.23644450321551866,1.1634053777309192,1.3120452965173508,18.349395264640503,15.94451277228455,47.25904978976371,0.0,58,free,2604.3753866196926,1518.425102066736,12.79251128696537,7.458398799342035,,,,,,,,0
Little girl dancing,fake,upper,135,39,0.6888888888888889,1.0,66.17332673041187,0.10419015114657651,203.58593619326018,28.044465576968136,22.768683640651904,0.1377524700446207,0.11183819504623362,0.0968582362506921,0.1867948330774784,1.1335886589043545,1.2442383407163184,17.8800926494687,19.12308278197376,41.299845313934235,0.008438818565400843,57,free,2754.1131102273857,1866.1143349254342,13.528012601091264,9.166224199072218,,,,,,,,0
Little girl dancing,fake,lower,0,48,0.9902777777777778,1.0,19.136720370457052,0.028645831692632455,203.58593619326018,23.790754308167845,12.328755236045204,0.11685853528499013,0.06055799072653897,0.08508229995983561,0.13335264486359283,0.7687549172542434,1.290402831703319,24.82686193397685,23.857898059318405,56.73414328275377,0.01639344262295082,70,free,4342.244198688734,6063.679466077483,21.328802371528877,29.78437302428076,,,,,,,,0
Little girl dancing,fake,lower,15,51,0.996078431372549,1.0,18.456322129389736,0.022480256450389806,203.58593619326018,13.867287286517328,10.914108278166877,0.06811515346204161,0.05360934297448879,0.08282630382326969,0.13188232322079732,0.8108861040568748,1.4508631379144232,10.207272137279858,11.640629607131878,30.83507534287701,0.0,30,free,1897.298194129494,1422.3053802510005,9.31939715289776,6.986265391637041,,,,,,,,0
Little girl dancing,fake,lower,30,41,0.9853658536585366,1.0,20.141520730212903,0.029230330249981767,203.58593619326018,24.663350558110043,22.684238148764667,0.12114466755059938,0.11142340464633549,0.17097724822003355,0.23216487180172485,0.9801762934697663,1.227121762532637,11.85514611652385,12.848660490115465,38.735896141820696,0.0,41,free,2389.8361953396698,1613.0753573173386,11.73870965758187,7.923314289185857,,,,,,,,0
Little girl dancing,fake,lower,45,39,0.9794871794871794,1.0,22.081460965899023,0.031207991224300635,203.58593619326018,21.45283054278931,13.774884969986092,0.10537481588327671,0.0676612796912939,0.15498836606190655,0.4469317104329101,4.4922701779913,1.3877273939906853,10.194344581544991,10.586844587070445,32.41977929088793,0.0,32,free,1751.1060254806905,1461.187583765381,8.601311358847497,7.177252078838609,,,,,,,,0
Little girl dancing,fake,lower,60,29,0.8459770114942529,1.0,24.93495694707145,0.03400127690417789,203.58593619326018,18.0935211973619,8.918763641111662,0.0888741213449345,0.04380834849341092,0.08865602900403724,0.14344992900342485,0.8857558229250153,1.2296138311841478,8.527523039765502,10.986524378836993,24.655765630017356,0.0,40,free,2958.251807367079,3211.1831872236266,14.530727724526452,15.77310912171906,,,,,,,,0
Little girl dancing,fake,lower,75,43,1.0,1.0,21.255164903428124,0.033374268171618315,203.58593619326018,16.725066384143442,13.879045971921704,0.08215236620405184,0.06817291130928904,0.2725838916879034,0.686593495556554,5.426351509277671,1.5453147993385528,7.645229775825026,9.85951404755411,27.271254761000595,0.0,38,free,1757.7138683448763,1320.8549359963808,8.63376862474583,6.4879478449951415,,,,,,,,0
Little girl dancing,fake,lower,90,31,0.9698924731182795,1.0,19.588301700997132,0.02745020380871615,203.58593619326018,13.235608172889517,13.921451691824718,0.06501238946252756,0.0683812052646375,0.07135344224671888,0.10052716947472336,0.6330903292955303,0.7229437048207336,12.081809408960858,14.098166782001481,40.82221038193281,0.0,31,free,1513.3126743570558,1307.4834973251043,7.433286908976352,6.4222682655443135,,,,,,,,0
Little girl dancing,fake,lower,105,32,0.9666666666666667,1.0,28.21837247563196,0.04110464896025591,203.58593619326018,19.86787625462097,18.761014199388434,0.09758963033556886,0.0921528006805881,0.08172272726193762,0.12071358854940022,0.5433093363345712,0.7735157660762653,7.714592757489729,8.745045328406965,26.286603104567938,0.0,29,free,1753.711724267368,1448.537636842801,8.614110370583768,7.115116416822292,,,,,,,,0
Little girl dancing,fake,lower,120,47,1.0,1.0,15.31357005049362,0.024173069618325653,203.58593619326018,37.93030341999884,21.137700538857743,0.18631101995175317,0.10382691915807059,0.2621194725062011,1.154766282507892,10.406477534192557,1.3911123032692798,21.912212356377744,25.47265042591949,65.7888840334683,0.01696969696969697,55,free,1552.0134423688958,1534.9805607167796,7.6233823975719,7.539718064118399,,,,,,,,0
Little girl dancing,fake,lower,135,30,0.8955555555555555,1.0,23.405316160918904,0.03685175808637137,203.58593619326018,21.036953686626234,14.335374951709912,0.10333205760665247,0.07041436761182569,0.11387047133330722,0.16222648361697556,0.8565558712216521,1.1595946983529544,9.493653038608969,12.79280471348753,35.8931923308311,0.0,44,free,2854.207074462178,2804.4932110065465,14.01966721194697,13.775476162284095,,,,,,,,0
man dancing,fake,upper,0,26,0.7923076923076923,1.0,33.705776659961764,0.04858195557407935,206.8515182102479,19.682918479729288,14.24049268722247,0.09515481757171919,0.06884403271697603,0.0999074341650307,0.17226288789647434,0.827540554207279,1.2171462751965343,22.36931110588987,20.823538434465327,58.87217764730119,0.0038684719535783366,49,free,2072.9274541566456,1453.543800191132,10.021330624461175,7.0269912097706815,,,,,,,,0
man dancing,fake,upper,15,23,0.7101449275362319,1.0,43.666648216220835,0.060975436156156214,206.8515182102479,21.444337393448752,18.060338063484494,0.10367019579548027,0.0873106381802217,0.10417953620394688,0.18941636840664045,0.8496302346785911,1.9254769391808897,11.592133357088594,12.822857524178609,38.602661190259454,0.0,26,free,5207.584723421999,3234.1005691092405,25.175472573176425,15.634889205028884,,,,,,,,0
man dancing,fake,upper,30,18,0.6148148148148148,1.0,29.286569861028354,0.03882345823955235,206.8515182102479,22.0375391444257,17.655301857713376,0.10653796179550551,0.0853525369814699,0.1128509920147495,0.21991815448902152,0.8881685942498393,2.7454841046722867,12.808680295568983,14.696537541913438,46.54788767930202,0.0,28,free,4522.786321661294,3326.6655441248226,21.864893044025166,16.082383986872824,,,,,,,,0
man dancing,fake,upper,45,25,0.544,1.0,46.55195952602584,0.06304499417534032,206.8515182102479,25.65949556783177,22.458860591545026,0.12404789575559683,0.10857479213044695,0.13458503580436415,0.21467276192331758,1.1856439164270811,2.4785977713804774,14.618442498733843,16.045854914970928,51.386647660228526,0.005494505494505495,26,free,4766.897071230305,2844.003318323133,23.04501853539764,13.749008675065333,,,,,,,,0
man dancing,fake,upper,60,23,0.6405797101449275,1.0,33.097874085549535,0.04619456342364495,206.8515182102479,27.301739494858257,28.204972660539546,0.13198713614037022,0.13635371354573025,0.17614785921582438,0.30494700477234277,1.6175140481625636,2.5333417648269116,14.210023287116677,13.559156687812603,36.554098323303826,0.0,30,free,3855.18367333723,2560.056096412723,18.63744441758821,12.376298315638333,,,,,,,,0
man dancing,fake,upper,75,25,0.816,1.0,37.48759738759827,0.05151097739903623,206.8515182102479,16.99007447082699,13.798894308317298,0.0821365712847123,0.06670917587509237,0.11331771598973625,0.1755233190404805,0.6290117978787355,1.1520151879521099,6.287513803296143,8.406700996384952,25.660840133952345,0.0,27,free,2695.7639343564942,1306.5816897984128,13.032362332561986,6.3165197002343385,,,,,,,,0
man dancing,fake,upper,90,31,0.8236559139784946,1.0,42.218992045685475,0.059134883562284905,206.8515182102479,18.2909007618136,12.606268706113362,0.08842526716783569,0.06094356384322065,0.08231809749756666,0.1206195388790053,0.6440019508171818,0.8261112084097213,11.51898713683088,16.462652511407804,49.74698652288023,0.0,36,free,1613.8198810596916,816.3416597132909,7.801827586391577,3.946510360555079,,,,,,,,0
man dancing,fake,upper,105,24,0.7777777777777778,1.0,36.765503290268434,0.049922590540864134,206.8515182102479,48.821438287191675,30.73001444092085,0.2360216579970596,0.1485607391563173,0.1359185700634826,0.20926599757056719,1.531244754488319,2.137322633462761,21.752177314246122,23.332924507812535,64.67441255153224,0.019230769230769232,40,free,5068.997711212823,5127.402747629927,24.505489517657757,24.78784198440514,,,,,,,,0
man dancing,fake,upper,120,28,0.5333333333333333,1.0,30.501014276781003,0.04667887722657827,206.8515182102479,19.429081363000417,16.063244922017418,0.09392767107105457,0.07765591986465589,0.11206453799559828,0.1504609266953573,0.4399012681595797,2.285678931053506,14.568336576044352,13.06902410805429,41.936705491847526,0.0,26,free,4756.594875153495,2353.0633853865925,22.995213747084033,11.375615735123072,,,,,,,,0
man dancing,fake,upper,135,29,0.5310344827586206,1.0,28.72344564287308,0.042653910229477586,206.8515182102479,45.1818683267792,38.891464230897334,0.21842657340738236,0.18801633445768234,0.18420047167065084,0.3895360919948535,2.3767919345211865,3.346498318720369,18.826144565466727,21.028887172828586,52.87362641922327,0.025974025974025976,26,free,4322.291376341129,2958.967235340958,20.89562316844041,14.304788579474705,,,,,,,,0
man dancing,fake,lower,0,42,0.9634920634920635,1.0,41.344719420696165,0.05959237617879936,206.8515182102479,11.619739623883863,6.651443832475201,0.056174301858753266,0.03215564425161504,0.08492837988033226,0.14374712116010782,1.1961692955149672,0.9833979807812865,12.96840244211048,14.266384102178124,40.431925616769114,0.0,51,free,2628.489559584653,2309.903474768467,12.707132064232688,11.166964084936694,,,,,,,,0
man dancing,fake,lower,15,24,0.9472222222222222,1.0,37.68686902661913,0.05262536444014057,206.8515182102479,25.42913548156059,19.03686230115276,0.1229342462727971,0.09203153288825912,0.1026773283487978,0.15195713517444026,0.8026099758205768,1.8386843957977352,14.02955027312426,13.689353601993764,43.971093964723,0.0,31,free,8355.251821158958,5244.869922926295,40.39250904925203,25.355723604577594,,,,,,,,0
man dancing,fake,lower,30,26,1.0,1.0,39.78061515613703,0.05273478794500789,206.8515182102479,25.68224431125387,20.462633841782385,0.12415787195310764,0.09892426228645693,0.11850732975867062,0.15944878252032005,0.6616973085407911,1.5496622298870495,14.204314482575883,11.959778430295147,40.60582262527352,0.0,31,free,7226.433027817669,4182.198309531062,34.93536373502747,20.218359264253476,,,,,,,,0
man dancing,fake,lower,45,23,0.8,1.0,41.19308727126546,0.05578751084858844,206.8515182102479,38.73587432017644,34.959989573357596,0.18726415283452041,0.16901007000501483,0.1415646362800048,0.2129491524770889,0.905716973390387,2.1228303822761827,10.171109770885868,12.105120441804308,28.986972948197543,0.003875968992248062,22,free,8508.590475767114,5228.827288581967,41.133807232291225,25.278167324192832,,,,,,,,0
man dancing,fake,lower,60,27,0.8740740740740741,1.0,43.81224493737426,0.061148565683118244,206.8515182102479,28.10785853934744,24.559856710323086,0.13588422643713965,0.11873181750283299,0.13732031277970777,0.18838741722304184,0.8213821528497839,1.9440752548200118,12.367574373109909,9.41856189691953,30.256453018071667,0.0,29,free,5362.542764519185,3088.7930001024006,25.924599494931396,14.932416386535252,,,,,,,,0
man dancing,fake,lower,75,37,0.8558558558558559,1.0,40.764469332723024,0.05601366331298328,206.8515182102479,22.028380429205,17.66401735034137,0.10649368503457117,0.08539467103348655,0.12173927904123027,0.201102580965901,1.4370675050581339,2.42773406439625,16.44192708547473,13.748166353145702,41.07268002381225,0.0,60,free,4629.011642571185,2830.379716326522,22.378427205287263,13.683146929816921,,,,,,,,0
man dancing,fake,lower,90,32,0.9770833333333333,1.0,42.49870395491565,0.059526667695013885,206.8515182102479,20.03161974228999,17.119106938594015,0.09684057393250295,0.08276036398821024,0.25023858693336676,0.5467857507552231,3.9877444958455723,3.5724489125103664,15.25984370100099,12.287803600402986,35.28367715673414,0.0,43,free,4655.560026212819,3029.4225199381367,22.506772328742677,14.645396592443538,,,,,,,,0
man dancing,fake,lower,105,30,0.9466666666666667,1.0,44.96736249163508,0.06105960817804759,206.8515182102479,21.33474322695135,16.49398526450573,0.10314037533563715,0.07973828477169273,0.09331132913065103,0.14120640547601865,0.674190498968815,1.5520287664576864,25.028931412436815,20.685443480844263,58.630125003836575,0.0,51,free,5963.470185973307,4091.352773464295,28.82971436502545,19.779176913295675,,,,,,,,0
man dancing,fake,lower,120,31,0.989247311827957,1.0,40.42586892327158,0.061867915444492314,206.8515182102479,49.19803199557492,31.50643312039177,0.23784225719614535,0.15231424643626748,0.17977683496498653,0.29301483985536436,1.575655278947703,2.4161441686494283,25.50992625945138,19.689712191509386,59.21227748041018,0.007653061224489796,53,free,8762.629496221813,5095.872669988184,42.36192981341963,24.635413431235442,,,,,,,,0
man dancing,fake,lower,135,52,0.9487179487179487,1.0,45.377368615039714,0.0673847501243662,206.8515182102479,39.408680265029815,26.959556254113238,0.1905167562027467,0.130332890410362,0.23114737273467134,0.6569979742931475,7.924972531289502,3.3487857809977757,21.09542563861044,24.3387738134412,58.6948203499856,0.016709511568123392,56,free,8136.87613625497,4632.368653798122,39.336796783790064,22.394656292006,,,,,,,,0
Man jumping (2),fake,upper,0,41,0.9934959349593496,1.0,17.011797087801323,0.07839694450632943,59.67396545773392,7.951090615310275,5.2822694845575375,0.1332422029325653,0.08851882800211897,0.08733342084521717,0.2573689500363236,3.2055640175086197,0.558646810932092,18.597488571530647,22.066135293564404,44.985297244430924,0.01752021563342318,50,free,187.03248756978763,250.9573054049936,3.1342392974078392,4.205473919489103,,,,,,,,0
Man jumping (2),fake,upper,15,39,1.0,1.0,14.150717478587373,0.066989304257338,59.67396545773392,6.754042522820439,4.7484004161138875,0.11318239823703713,0.07957239609754276,0.049698220911440834,0.07562845474736217,0.48940312675907577,0.3275871400304822,19.22786732953555,19.874656459769522,44.98642246747746,0.0,54,free,135.831130274713,174.86353648296353,2.276220948831026,2.9303153417350227,,,,,,,,0
Man jumping (2),fake,upper,30,41,1.0,1.0,16.889863864196432,0.07548812714855954,59.67396545773392,5.19463155492086,3.989307082098638,0.08705021553494934,0.06685171752033468,0.0414603139620115,0.05988847175160463,0.39348946556977027,0.2911558637175061,15.284587161750395,16.842475149911987,41.63096249545648,0.0,52,free,118.2633940529899,138.71469450784898,1.9818256277396864,2.3245429299666416,,,,,,,,0
Man jumping (2),fake,upper,45,42,1.0,1.0,17.754111736415798,0.07083462771439804,59.67396545773392,4.185319549105072,3.047764940477888,0.07013644085827453,0.05107361170151444,0.050223104246152984,0.07388624267562904,0.5013585947280988,0.3070540354214227,15.729386703036933,17.16630344998166,41.888050455286766,0.0,50,free,95.99849389220694,99.78037046175476,1.6087165174267006,1.6720921711232268,,,,,,,,0
Man jumping (2),fake,upper,60,48,1.0,1.0,17.180247658930238,0.06653345765707182,59.67396545773392,3.7885954817565595,2.720435543106359,0.06348824739056362,0.04558831514277693,0.034979065457797456,0.05171975529313879,0.3280881947096578,0.24033800693381072,14.188875144695839,16.515903730953085,39.355846843317536,0.0,57,free,77.62463721986738,86.41839389770962,1.3008124501940066,1.44817582064189,,,,,,,,0
Man jumping (2),fake,upper,75,48,1.0,1.0,17.043144280990447,0.06744369105502909,59.67396545773392,3.4930457856965935,2.751939437969005,0.05853550637875172,0.04611624880062912,0.03383831780502567,0.059367814195468153,0.38580901929639005,0.23058155284946752,13.835559902565791,16.94196432084469,44.428441490377075,0.0,58,free,79.53005354637403,82.4472539767967,1.3327428961077483,1.3816285434423279,,,,,,,,0
Man jumping (2),fake,upper,90,46,1.0,1.0,16.519124448579724,0.06688314797961292,59.67396545773392,3.1595467797834424,1.8466775121814147,0.0529468212066667,0.030946116920776544,0.02736395748530951,0.04096897353878429,0.30316191373161344,0.21481093250314837,14.655938762254692,17.43417250373385,40.551888724071226,0.0,57,free,71.82434331910933,71.97792718387643,1.2036127106381311,1.2061864270585,,,,,,,,0
Man jumping (2),fake,upper,105,45,1.0,1.0,15.759773718372482,0.06804555897939307,59.67396545773392,3.081451298703015,1.798764037075814,0.05163811848377256,0.030143196003118794,0.02402763070077941,0.035605106903624194,0.2336315750533151,0.21696489584006004,14.913699865927981,17.669834860372053,41.88910149996934,0.0,54,free,68.15030343805653,57.789322698195015,1.1420441546879645,0.9684176718426101,,,,,,,,0
Man jumping (2),fake,upper,120,43,1.0,1.0,16.03370402134888,0.06851340316506824,59.67396545773392,1.8540692098658067,1.2622081056180074,0.03106998496989467,0.021151738382662176,0.020700445505104827,0.02858224923373833,0.09848929024368062,0.2135828200626031,16.014773366014037,17.761970849126666,40.00399904275667,0.0,57,free,85.2903371766788,73.20914311985058,1.4292721544890215,1.2268188071346355,,,,,,,,0
Man jumping (2),fake,lower,0,30,0.9822222222222222,1.0,11.630643515115084,0.053598506349526606,59.67396545773392,5.050284411436648,4.190415270981645,0.08463128556478587,0.07022183357245877,0.118581766289744,0.24357019840399508,1.642743504277853,0.6801900095966671,17.596409857900756,18.422406722884457,42.051121065931426,0.006825938566552901,40,free,215.71284709875695,236.56511678058763,3.6148569220113718,3.9642935569304973,,,,,,,,0
Man jumping (2),fake,lower,15,35,1.0,1.0,12.031324072232351,0.056956124670921315,59.67396545773392,6.351099941342907,4.185135253071493,0.10642999660951451,0.07013335247572504,0.08082224018563053,0.172174653120377,1.5593590329277252,0.43750871572852656,13.087765950513248,16.564016531584517,48.16902096606679,0.0,38,free,164.48137756999225,200.67754700578422,2.7563339608541964,3.3628994732706476,,,,,,,,0
Man jumping (2),fake,lower,30,33,1.0,1.0,11.829616069674396,0.052871685003880876,59.67396545773392,4.322768305216847,3.1215061032180658,0.0724397695386708,0.05230934594800771,0.05796410960699158,0.08993740700920111,0.5222575705743812,0.3057322398375323,14.918295883093332,15.298730093308645,37.97396162835895,0.0,44,free,144.50605333944353,146.33283771113508,2.4215929380760652,2.4522056911867236,,,,,,,,0
Man jumping (2),fake,lower,45,32,1.0,1.0,11.122336017441093,0.04437544061942075,59.67396545773392,3.1399202561958846,1.9817343974372836,0.05261792528971177,0.033209363283238036,0.049139255872797896,0.06888485752042862,0.26282256308650875,0.24364567374245752,18.047515008660525,15.94909180465395,37.439769728189354,0.0,48,free,125.39320458595418,116.6677065449612,2.10130504356658,1.9550855326950747,,,,,,,,0
Man jumping (2),fake,lower,60,29,1.0,1.0,11.646484759857701,0.045103011086161146,59.67396545773392,2.766312631314953,2.205149757574427,0.046357110845504076,0.036953296813101826,0.03972019973927491,0.060850917398265474,0.38091600963513117,0.19323110164409588,19.653484138332463,15.985642302257688,37.968632917737644,0.0,48,free,96.19519557094284,106.23715591420824,1.6120127903863923,1.7802932166365626,,,,,,,,0
Man jumping (2),fake,lower,75,30,1.0,1.0,10.798382673807286,0.04273171504852824,59.67396545773392,2.5069306552001094,2.1129901371514377,0.04201045859732125,0.035408911087835004,0.04018867144099489,0.064245309529267,0.3887767051571244,0.20070891546138314,19.554401957812654,16.04517880376696,37.75699865578804,0.0,49,free,90.86325115921244,97.30236146023614,1.5226615235344025,1.6305663736919542,,,,,,,,0
Man jumping (2),fake,lower,90,29,1.0,1.0,10.886246314269446,0.044076574726840324,59.67396545773392,2.2972726163769375,1.9131235126730521,0.038497066497182215,0.03205960083259568,0.030793730834532903,0.050222715932802434,0.433907075912461,0.16250037692847757,21.44438652310721,17.087825042088763,42.21521457622123,0.0,47,free,78.61655410374877,84.35082896277505,1.3174347221726292,1.4135281326748654,,,,,,,,0
Man jumping (2),fake,lower,105,26,1.0,1.0,9.692408613013143,0.04184865682178543,59.67396545773392,2.3097239122732267,1.7526976001122188,0.038705721909987126,0.029371227245717824,0.02445262922045436,0.039396325345412625,0.277833426306723,0.16292225203659988,21.021695701799313,17.763922912112218,42.698614593259336,0.0,47,free,75.06695478058576,69.50658341310161,1.257951507073121,1.1647723237419503,,,,,,,,0
Man jumping (2),fake,lower,120,27,1.0,1.0,9.943318641436242,0.04248866001096032,59.67396545773392,1.2800292329694292,0.8839749285568504,0.02145037996303518,0.014813410199510794,0.016440539176535002,0.023720610070568023,0.08643262903938981,0.1825316397164225,20.70172994171083,18.99037598774679,42.51439977583844,0.0,46,free,109.47405625824607,90.47561204082471,1.8345363077267711,1.5161655731578134,,,,,,,,0
Man jumping,fake,upper,0,35,0.6571428571428571,1.0,10.597971118772954,0.05048024869816891,74.01983376651967,30.272235785372047,23.767367434375245,0.4089746524000525,0.32109457999249924,0.1168478479539156,0.25184962053048005,1.5273327843131466,1.5117739793894875,10.633795837103152,19.879050503767395,42.03745880048252,0.024193548387096774,30,free,1268.0380513882549,1106.1115627736117,17.13105781064059,14.943448350108607,,,,,,,,0
Man jumping,fake,upper,15,44,0.9803030303030303,1.0,15.575961109119682,0.06479217492754767,74.01983376651967,17.295186730770784,12.660459880091835,0.2336561141885956,0.17104145248456853,0.10768070553204538,0.1404667586730774,0.5881823923547913,0.9971539023610974,20.206306131754992,19.02347224157599,55.61475989624397,0.0,55,free,1791.3293336094744,884.2368951460496,24.20066680046667,11.945945433155023,,,,,,,,0
Man jumping,fake,upper,30,38,1.0,1.0,18.464642801882945,0.06859058703154723,74.01983376651967,6.983754422381254,4.534513055177722,0.09434977177076714,0.06126078409579939,0.07055537246385978,0.0982982985585019,0.46764997355582383,1.0248391224294895,17.23405614153266,18.385603448051622,45.887609181296675,0.0,43,free,2021.994935931477,1155.9144472815117,27.3169343004666,15.616279967982715,,,,,,,,0
Man jumping,fake,upper,45,40,0.9816666666666667,1.0,18.651820552755005,0.06562098164385502,74.01983376651967,5.42521077543029,4.52287261640418,0.07329401458186194,0.06110352301885263,0.08383990560508735,0.12302622709742606,0.6840043290380559,1.4640461341934379,20.94964668873009,19.204563736613707,47.5476755298009,0.0,54,free,2313.1061817408704,1301.4393976901208,31.249815948480617,17.58230640986365,,,,,,,,0
Man jumping,fake,upper,60,39,0.9726495726495726,1.0,19.58892028848224,0.07221255452563227,74.01983376651967,9.32140032584359,6.144430366051952,0.1259311167226615,0.08301059396368402,0.09599460375164667,0.14510404464578158,0.7773618304061694,0.9819755863054842,19.408932905732247,19.126379413481846,47.093893245810115,0.0013986013986013986,50,free,2068.835430491988,1223.9664803973797,27.949744348490484,16.535655622493426,,,,,,,,0
Man jumping,fake,upper,75,43,0.9674418604651163,1.0,21.529429102152037,0.06614989601709777,74.01983376651967,7.687519141687417,6.064915467132016,0.10385755750190029,0.08193635622396213,0.10161933734245662,0.15103430306049861,0.9751913152128147,1.228090297020972,18.144168333395744,18.007768527828556,47.64796573432165,0.004178272980501393,50,free,1871.755929927353,869.6591601643598,25.287221474063585,11.74900180007862,,,,,,,,0
Man jumping,fake,upper,90,47,1.0,1.0,18.479990582377283,0.0706092965320768,74.01983376651967,8.103300172948382,6.108965987869786,0.10947471455432572,0.08253147402545191,0.08680246264199808,0.14020107830353656,0.89810394118627,0.9267511424213618,19.07504144915147,19.812600219139725,49.82526098549642,0.0,59,free,1557.1763630004646,752.867563108729,21.037285329662545,10.171159874304701,,,,,,,,0
Man jumping,fake,upper,105,43,0.9953488372093023,1.0,20.234054023240926,0.07912979746774926,74.01983376651967,6.649523164580863,5.719458130403754,0.08983434339443959,0.07726926472767566,0.08083258608159445,0.11802114391252896,0.6078208548165493,0.9835681590143328,7.306705931308666,13.119236160366087,45.13934688769017,0.0,36,free,1620.3402163297376,775.4458055163304,21.890622200541106,10.476189502969092,,,,,,,,0
Man jumping,fake,upper,120,40,0.9694444444444444,1.0,20.320322087607032,0.07046803934341483,74.01983376651967,6.747592688247547,5.266625862404345,0.09115925212060648,0.07115154944844691,0.09468727690360931,0.14092728109181235,0.7885627267147788,1.2574576876012722,20.996396607324904,19.91119130182394,52.126619665962274,0.0,47,free,2001.0288979836744,1023.7872720317364,27.033685380806286,13.831256028770108,,,,,,,,0
Man jumping,fake,lower,0,37,0.9891891891891892,1.0,12.384117385101902,0.05898801935776952,74.01983376651967,9.739706466130274,6.612911849191977,0.13158238772667571,0.08933972845779478,0.3040211197834189,0.6890961518642653,5.312480231717813,2.0133971631881686,24.15046362083002,20.064973748024983,66.02493966224786,0.0011933174224343676,57,free,1443.3127693552772,862.3386906314834,19.4990004153199,11.650103043348533,,,,,,,,0
Man jumping,fake,lower,15,31,1.0,1.0,12.90961746069508,0.05370083983269224,74.01983376651967,9.313750973395157,7.520424871576521,0.12582777479308407,0.10160013186868473,0.12293716240363173,0.19643657687999744,1.5369789097420297,1.691960931874117,25.498028988068583,20.96515536433786,60.95131695280092,0.010606060606060607,44,free,2077.95841952176,1025.6557698276315,28.07299494992453,13.856499233203516,,,,,,,,0
Man jumping,fake,lower,30,38,0.9964912280701754,1.0,14.50957425924386,0.05389869853956098,74.01983376651967,6.31352354743911,5.1619985085507185,0.08529502467343848,0.06973804514116015,0.09098779524320842,0.1308960956259483,0.7399494165201054,1.4398077406587766,20.646683654658656,15.351072042422672,50.898667145135605,0.0,59,free,1822.174394826814,977.6526582265211,24.617380262896674,13.20798235389619,,,,,,,,0
Man jumping,fake,lower,45,38,0.9912280701754386,1.0,14.560798708417114,0.051227916441849645,74.01983376651967,6.591088427378306,5.829236287887413,0.08904489637424123,0.07875235583849782,0.18773861980197207,0.3296549263051542,2.033038147652904,2.269630608146704,21.603983066083625,29.859864872225817,85.69624254318002,0.04942339373970346,42,free,1927.9506237582316,1023.6207097400999,26.046405749026064,13.829005790108916,,,,,,,,0
Man jumping,fake,lower,60,43,0.9457364341085271,1.0,14.83464063873019,0.054686388030397416,74.01983376651967,11.525857809958653,8.911858431944143,0.15571310044162756,0.12039824974553126,0.14000953447708628,0.20767156454218214,0.8848457638763357,1.8612236024919493,15.591449030435799,12.0846311487539,36.60510914373668,0.0,43,free,2006.4304372412703,1142.6845972907065,27.106659595725954,15.437546116289182,,,,,,,,0
Man jumping,fake,lower,75,32,0.9291666666666667,1.0,15.504362696415503,0.04763767656415641,74.01983376651967,16.127576424597702,9.571279943251636,0.21788182442382703,0.1293069635017321,0.2723755973490548,0.592293618438751,5.25519453649387,2.452981130304191,27.098737372962216,23.576606666847837,73.56801244420309,0.02707275803722504,44,free,1963.8705243946224,995.152319137116,26.531679746664224,13.444400892281374,,,,,,,,0
Man jumping,fake,lower,90,29,1.0,1.0,14.714188919834317,0.0562207282540686,74.01983376651967,13.676635287855056,9.716725497705989,0.18476987304504341,0.13127191731280294,0.16839558325093537,0.44768752285696733,3.946187086557032,1.621099049168677,11.901706546474053,9.846903079667527,31.09089962038725,0.0,21,free,1866.4010679121577,863.5148063216926,25.214877863672807,11.66599223993764,,,,,,,,0
Man jumping,fake,lower,105,39,0.8735042735042735,1.0,12.998748868867207,0.05083451710399486,74.01983376651967,8.87163377670188,6.785234383519669,0.11985481897575755,0.09166778737874898,0.219525656928754,0.36744475844476604,3.8717589887174393,2.861752533589767,26.146788910204663,27.063502885365967,61.93602768801086,0.0310192023633678,56,free,2022.1679085083915,1606.608077184009,27.31927114139305,21.705102476340645,,,,,,,,0
Man jumping,fake,lower,120,30,0.9740740740740741,1.0,14.418752634951156,0.05000222061353941,74.01983376651967,10.535433904024048,7.133364887959153,0.1423325799035959,0.09637099308355493,0.14299122237545248,0.21035855587672286,0.8126211951731879,2.0587828316553387,22.39231543068634,20.418496421111893,53.45499996969678,0.008241758241758242,43,free,1667.8367843376575,1042.9389040060337,22.5322957303377,14.089992518704781,,,,,,,,0
Man playing badminton,fake,upper,0,44,0.9303030303030303,1.0,19.244168483670247,0.0666486171405035,112.55404569192531,8.778012288951205,7.452805207479152,0.07798930935790382,0.06621534713979473,0.05584110210506373,0.07969223935402536,0.7241520541002716,0.38299488212128247,17.599064805099573,19.672928165753074,46.15075242660811,0.0,51,free,388.1389766341869,432.69211520668193,3.4484675717172575,3.844305307256703,,,,,,,,0
Man playing badminton,fake,upper,15,42,0.9920634920634921,1.0,23.14054010007553,0.08743591770723942,112.55404569192531,9.648589772102959,7.544424386232861,0.0857240600530022,0.06702934878842923,0.10688750758992853,0.16379352010439394,1.0928481899724307,0.6222108503943359,14.429327796620834,17.98937644758468,52.029822154809274,0.010619469026548672,38,free,421.77640310944105,404.37750116808195,3.747323346011893,3.592740702319261,,,,,,,,0
Man playing badminton,fake,upper,30,42,0.7412698412698413,1.0,25.21542872543209,0.08119386000232774,112.55404569192531,7.300248726809092,6.582837979693246,0.06485994067943855,0.05848601833212915,0.08567718130080965,0.15661935896172446,0.6813788429416002,0.7094510954714307,9.721864979800234,14.138825847017786,41.92153575586324,0.0,38,free,473.90539041900644,322.0410158180792,4.210469623776524,2.8612122633027894,,,,,,,,0
Man playing badminton,fake,upper,45,32,0.8354166666666667,1.0,25.624318297018633,0.07222601222474079,112.55404569192531,11.615062056211801,7.044113602383762,0.10319542034058642,0.06258427726058283,0.13632869893587313,0.26543870503467853,1.9050112738390328,1.0311427828346034,16.663143555534585,16.84627008314795,50.198639576368485,0.0,29,free,848.4030281404042,837.746001045757,7.537739073925346,7.443055430799653,,,,,,,,0
Man playing badminton,fake,upper,60,44,0.9606060606060606,1.0,30.669333592211448,0.07499301436460493,112.55404569192531,23.783113695812744,21.26669798035524,0.21130394335988723,0.1889465442989485,0.11909928808830877,0.1584188627470069,0.6702695287832768,0.8317604612944315,27.546620207277783,21.045508363819284,65.43543510825023,0.007518796992481203,58,free,974.1720263871258,936.153142790702,8.65514891444736,8.317365555682217,,,,,,,,0
Man playing badminton,fake,upper,75,42,0.719047619047619,1.0,35.21672204889234,0.08782417072318544,112.55404569192531,16.160544787492984,7.736272856846317,0.14358031013586525,0.06873384967450638,0.08019095934540951,0.1298780739648366,0.9352319033374683,0.7949201136532015,7.915439400507508,11.438801885831007,35.30769844316285,0.003067484662576687,34,free,1045.9103486030167,1040.174007324403,9.292516694298186,9.241551478047187,,,,,,,,0
Man playing badminton,fake,upper,90,47,0.9886524822695035,1.0,31.260164509517043,0.07987798853998826,112.55404569192531,20.361057762810038,17.081242932394627,0.18090027450937513,0.15176036389796377,0.13861349510101928,0.21001984303118298,1.8539403165840014,0.9825989532717051,8.11164999306635,11.245607895751778,40.346446432382265,0.0,40,free,1091.0793934992112,764.9659018869063,9.693826523887322,6.796431857995713,,,,,,,,0
Man playing badminton,fake,upper,105,37,0.35135135135135137,1.0,24.703913184634494,0.06745277700857953,112.55404569192531,15.31552147972433,10.686582570546934,0.13607259859538814,0.09494623231756115,0.09016678572005767,0.18621342731501517,0.9290329623213645,2.140162078426564,20.872085270540023,18.185542648994378,46.7320617336756,0.0,48,free,1609.2949364889234,1160.8429909136014,14.297975044751103,10.313649622964027,,,,,,,,0
Man playing badminton,fake,upper,120,33,0.5252525252525253,1.0,21.756927441637895,0.07103395858066612,112.55404569192531,15.20462983300194,10.176340805826719,0.13508736837962218,0.09041292779186857,0.16624870081030624,0.4536562769407526,3.033479737881308,3.72881457090223,19.400875971573775,17.082548185836533,47.86259597073899,0.0,40,free,1964.5522158546767,1071.3095677519425,17.454301209499878,9.518179121559545,,,,,,,,0
Man playing badminton,fake,lower,0,41,0.967479674796748,1.0,20.579490636018548,0.07127325836449894,112.55404569192531,8.872956237025013,7.7869728042789,0.07883285032073764,0.06918429947505247,0.17070320338771616,0.24810887447814764,1.0477321393999397,0.9798107786710977,13.471286659166429,22.481493867111713,52.140892194627206,0.01824817518248175,38,free,593.0593274799398,448.85157980096346,5.269107155003725,3.9878760202856425,,,,,,,,0
Man playing badminton,fake,lower,15,30,0.8733333333333333,1.0,19.622643764926313,0.07414363960428788,112.55404569192531,15.10072323854187,12.195438050613554,0.13416419770351448,0.10835184089245457,0.15724221158568835,0.22806902577689556,0.9704476851466783,1.1628250113290082,15.891305020493174,20.772115010581466,52.64866166405072,0.008421052631578947,40,free,623.7941794375054,482.52257925708597,5.542174655764121,4.287030077779802,,,,,,,,0
Man playing badminton,fake,lower,30,28,0.6904761904761905,1.0,18.363439266957954,0.05913040516732608,112.55404569192531,38.86555813046018,16.848492161821056,0.34530574082463583,0.1496924615925181,0.17783446149482515,0.4009832273207194,5.094841308655743,1.835929366039005,7.997607513394005,13.1398319333043,34.35375360976906,0.0,31,free,613.9718641336387,499.5358534078702,5.454907110262012,4.438186564836267,,,,,,,,0
Man playing badminton,fake,lower,45,29,0.7149425287356321,1.0,21.306325267675916,0.06005509654578832,112.55404569192531,13.94313569665119,11.961520620888262,0.12387947151020515,0.10627357326300345,0.11979624409604564,0.21349539140364587,1.2331095697372134,1.273052238515489,9.586038975459681,10.665563063803017,33.682952012581175,0.0,37,free,621.4562308875064,527.2180386903875,5.52140286976899,4.684132280179871,,,,,,,,0
Man playing badminton,fake,lower,60,44,1.0,1.0,30.427045870753293,0.07440056958516267,112.55404569192531,25.602562835450897,21.221739891662956,0.22746905878024462,0.18854710873520752,0.13579417516440442,0.2160458080121613,1.020942903816033,0.8261821728654802,5.232261771802777,3.9402476484272726,12.689254995788787,0.0,40,free,707.0230098067963,594.3751825991247,6.281631241777021,5.280798028584463,,,,,,,,0
Man playing badminton,fake,lower,75,47,0.9148936170212766,1.0,28.260181773611507,0.07047581047742554,112.55404569192531,15.123735527843275,9.277418511003454,0.13436865316453267,0.08242634419731942,0.0721849472324516,0.10956844717849404,0.7269610052757887,0.8426712678514386,4.09376887891923,4.035444836655959,12.48070987646282,0.0,38,free,959.0688058196761,855.8063338802979,8.520962528923828,7.603514637072649,,,,,,,,0
Man playing badminton,fake,lower,90,51,0.5294117647058824,1.0,23.676724685270333,0.060500293992333185,112.55404569192531,7.662434417041963,6.622769987943344,0.06807782314653546,0.058840799077722224,0.07815953970182365,0.1538950346754519,0.7601901045266253,0.9492726877307872,6.1406097710706256,7.7522786607010925,21.64248175392701,0.0,56,free,772.8501698094518,685.1655432519899,6.8664805876888755,6.087435942794761,,,,,,,,0
Man playing badminton,fake,lower,105,46,1.0,1.0,18.11455732526565,0.049460876369589346,112.55404569192531,17.22117642774857,14.564192221051012,0.15300361992215822,0.12939732313945473,0.30634714587694784,0.3869015197693061,2.0846451617894934,1.8046854074445438,9.64930567309717,14.380596583219564,39.6468651795753,0.0,62,free,781.1976180824655,518.4409361846042,6.940644499094261,4.606151053900299,,,,,,,,0
Man playing badminton,fake,lower,120,55,0.9313131313131313,1.0,30.66626130809877,0.10012194697191042,112.55404569192531,17.093450981066457,9.696188148855517,0.15186882777944205,0.08614695357459841,0.15779563642754543,0.2627865627737343,2.5903939155784066,2.155292045283616,22.845525353460175,22.086133415129822,61.776786206456926,0.005338078291814947,69,free,965.9324292670086,650.235882373591,8.58194321962347,5.77709915602118,,,,,,,,0
